campaign_id,campaign_name,channel_id,channel_name,objective,started_on,ended_on,budget,first_activity_date,last_activity_date,active_days,impressions,clicks,spend,conversions,conversion_value,ctr_pct,cpc,conversion_rate_pct,cpa,roas,budget_utilization_pct
1,Spring Launch UK,4,Video,retention,2025-07-26,,81100.00,2025-07-26,2025-12-31,159,53541140,246737,357489.87,2500,184552.75,0.46,1.45,1.01,143.0,0.52,440.8
2,Summer Sale UK,2,Paid Social,traffic,2024-03-13,2024-09-08,25000.00,2024-03-13,2024-09-06,178,19182237,98024,140153.60,949,71035.21,0.51,1.43,0.97,147.69,0.51,560.61
3,Back to School UK,8,Organic Search,awareness,2025-10-05,2026-01-11,47700.00,2025-10-05,2025-12-30,87,12687653,57525,0.00,677,49589.50,0.45,0.0,1.18,0.0,,0.0
4,Black Friday UK,2,Paid Social,conversions,2024-08-06,2024-10-16,54900.00,2024-08-06,2024-10-16,72,4076899,22129,32056.78,216,15747.74,0.54,1.45,0.98,148.41,0.49,58.39
5,Winter Clearance UK,8,Organic Search,traffic,2025-01-26,2025-11-09,56400.00,2025-01-26,2025-11-02,281,14880136,82538,0.00,754,56515.28,0.55,0.0,0.91,0.0,,0.0
6,New Year UK,3,Display,traffic,2025-04-04,2025-12-07,13400.00,2025-04-05,2025-12-07,247,25831878,103365,149718.02,1036,73123.85,0.4,1.45,1.0,144.52,0.49,1117.3
7,Brand Always On UK,7,Email,traffic,2025-09-13,2025-12-08,17400.00,2025-09-13,2025-12-08,87,4873917,24417,0.00,250,17277.45,0.5,0.0,1.02,0.0,,0.0
8,Product Launch UK,9,Direct,awareness,2025-06-06,,5400.00,2025-06-08,2025-12-16,192,7901173,40374,0.00,445,33664.10,0.51,0.0,1.1,0.0,,0.0
9,Loyalty Push UK,7,Email,conversions,2024-06-04,2024-09-05,13400.00,2024-06-05,2024-09-05,93,2833054,14269,0.00,155,11297.65,0.5,0.0,1.09,0.0,,0.0
10,Win Back UK,7,Email,awareness,2024-12-29,2025-03-05,9600.00,2024-12-30,2025-03-05,66,3887947,15413,0.00,169,12381.38,0.4,0.0,1.1,0.0,,0.0
11,Category Push UK,7,Email,awareness,2025-07-20,2026-04-29,2500.00,2025-07-22,2025-12-30,162,18806319,52236,0.00,670,55927.36,0.28,0.0,1.28,0.0,,0.0
12,Competitor Conquest UK,4,Video,retention,2024-06-23,2025-02-16,9800.00,2024-06-26,2025-02-16,236,12642791,42922,61832.66,545,37989.83,0.34,1.44,1.27,113.45,0.61,630.95
13,Spring Launch US,5,Affiliate,conversions,2024-01-25,,6800.00,2024-02-02,2025-12-17,685,18987363,100409,143808.60,982,74320.53,0.53,1.43,0.98,146.44,0.52,2114.83
14,Summer Sale US,7,Email,traffic,2025-08-22,2026-02-27,7400.00,2025-08-27,2025-12-30,126,4363366,22152,0.00,247,18505.25,0.51,0.0,1.12,0.0,,0.0
15,Back to School US,9,Direct,conversions,2025-02-02,2025-09-17,25300.00,2025-02-15,2025-09-10,208,4545737,27820,0.00,230,16429.96,0.61,0.0,0.83,0.0,,0.0
16,Black Friday US,5,Affiliate,conversions,2025-08-17,2026-04-30,32200.00,2025-08-17,2025-12-28,134,2082146,15199,22442.93,180,11534.85,0.73,1.48,1.18,124.68,0.51,69.7
17,Winter Clearance US,5,Affiliate,awareness,2025-04-23,,15700.00,2025-05-06,2025-12-31,240,8994277,35912,52878.13,379,26673.34,0.4,1.47,1.06,139.52,0.5,336.8
18,New Year US,4,Video,traffic,2025-05-09,2025-06-19,7300.00,2025-05-09,2025-06-19,42,609296,3799,5230.07,31,2491.27,0.62,1.38,0.82,168.71,0.48,71.64
19,Brand Always On US,3,Display,traffic,2024-01-06,,390800.00,2024-01-14,2025-12-22,709,18156546,84452,123082.42,900,65016.92,0.47,1.46,1.07,136.76,0.53,31.49
20,Product Launch US,6,Retargeting,conversions,2024-10-30,2025-06-18,10000.00,2024-10-30,2025-06-15,229,3946713,17626,25421.79,146,10699.40,0.45,1.44,0.83,174.12,0.42,254.22
21,Loyalty Push US,1,Paid Search,conversions,2025-05-15,2025-07-10,20600.00,2025-05-17,2025-07-07,52,1166570,5808,8127.04,44,3613.59,0.5,1.4,0.76,184.71,0.44,39.45
22,Win Back US,1,Paid Search,conversions,2024-08-14,2024-11-09,15400.00,2024-08-19,2024-11-08,82,1259104,5699,8496.38,56,5104.63,0.45,1.49,0.98,151.72,0.6,55.17
23,Category Push US,7,Email,conversions,2025-08-25,2026-03-01,4600.00,2025-08-29,2025-12-31,125,4786209,17976,0.00,248,18331.86,0.38,0.0,1.38,0.0,,0.0
24,Competitor Conquest US,5,Affiliate,traffic,2025-09-14,2026-01-19,5300.00,2025-09-17,2025-12-27,102,2691989,12077,17920.15,148,11015.31,0.45,1.48,1.23,121.08,0.61,338.12
25,Spring Launch DE,6,Retargeting,conversions,2024-10-24,2024-12-14,25300.00,2024-10-24,2024-12-14,52,5954080,17267,23758.53,204,15054.48,0.29,1.38,1.18,116.46,0.63,93.91
26,Summer Sale DE,3,Display,retention,2024-12-07,2025-08-07,3100.00,2024-12-17,2025-08-06,233,10275714,32631,46502.59,375,29994.79,0.32,1.43,1.15,124.01,0.65,1500.08
27,Back to School DE,2,Paid Social,conversions,2025-01-28,2025-05-18,2400.00,2025-01-31,2025-05-11,101,2320323,11346,17788.47,113,8495.51,0.49,1.57,1.0,157.42,0.48,741.19
28,Black Friday DE,3,Display,traffic,2024-03-19,2024-11-30,39800.00,2024-04-08,2024-11-25,232,2226630,13801,19611.90,131,9330.75,0.62,1.42,0.95,149.71,0.48,49.28
29,Winter Clearance DE,5,Affiliate,traffic,2024-10-20,2025-02-06,6000.00,2024-11-01,2025-02-02,94,2716647,10036,13926.80,98,5794.32,0.37,1.39,0.98,142.11,0.42,232.11
30,New Year DE,7,Email,awareness,2024-09-25,2025-05-21,16500.00,2024-09-26,2025-05-05,222,4123418,18735,0.00,224,16334.31,0.45,0.0,1.2,0.0,,0.0
31,Brand Always On DE,4,Video,conversions,2025-04-10,,27600.00,2025-04-23,2025-12-24,246,15836010,46678,66750.49,509,35278.32,0.29,1.43,1.09,131.14,0.53,241.85
32,Product Launch DE,7,Email,conversions,2025-09-18,2026-02-09,62300.00,2025-09-18,2025-12-26,100,614533,4641,0.00,47,3171.63,0.76,0.0,1.01,0.0,,0.0
33,Loyalty Push DE,6,Retargeting,conversions,2025-03-11,2025-12-06,11600.00,2025-03-17,2025-11-06,235,1438103,10769,15824.06,96,6320.83,0.75,1.47,0.89,164.83,0.4,136.41
34,Win Back DE,4,Video,awareness,2025-07-20,2025-09-30,66500.00,2025-07-25,2025-09-25,63,301482,2081,3083.67,20,1643.34,0.69,1.48,0.96,154.18,0.53,4.64
35,Category Push DE,2,Paid Social,awareness,2024-03-13,2024-12-21,16200.00,2024-03-14,2024-12-11,273,3757421,19540,28818.33,195,13999.23,0.52,1.47,1.0,147.79,0.49,177.89
36,Competitor Conquest DE,9,Direct,retention,2024-01-24,,5500.00,2024-05-30,2025-11-27,547,1921464,16679,0.00,150,10009.67,0.87,0.0,0.9,0.0,,0.0
37,Spring Launch FR,8,Organic Search,conversions,2024-03-08,2024-11-20,8300.00,2024-03-13,2024-11-20,253,1750640,14158,0.00,107,7936.84,0.81,0.0,0.76,0.0,,0.0
38,Summer Sale FR,5,Affiliate,traffic,2025-10-10,2026-01-31,17800.00,2025-10-11,2025-12-30,81,285031,3272,4523.54,27,2342.60,1.15,1.38,0.83,167.54,0.52,25.41
39,Back to School FR,5,Affiliate,retention,2025-02-01,2025-08-06,5200.00,2025-02-03,2025-07-25,173,1722761,6768,10150.59,69,4997.30,0.39,1.5,1.02,147.11,0.49,195.2
40,Black Friday FR,7,Email,awareness,2025-02-24,2025-12-20,18000.00,2025-02-26,2025-12-13,291,6134855,25079,0.00,281,23807.98,0.41,0.0,1.12,0.0,,0.0
41,Winter Clearance FR,3,Display,conversions,2025-10-25,2026-02-06,53700.00,2025-10-27,2025-12-29,64,294208,3518,5308.87,21,2101.55,1.2,1.51,0.6,252.8,0.4,9.89
42,New Year FR,1,Paid Search,awareness,2025-07-20,2025-12-01,23400.00,2025-07-27,2025-11-12,109,485570,4472,6317.97,35,2426.36,0.92,1.41,0.78,180.51,0.38,27.0
43,Brand Always On FR,7,Email,awareness,2024-08-09,,7000.00,2024-08-15,2025-11-24,467,4357521,26869,0.00,283,21508.91,0.62,0.0,1.05,0.0,,0.0
44,Product Launch FR,8,Organic Search,conversions,2024-11-15,,16000.00,2024-11-27,2025-11-24,363,10928193,37385,0.00,448,31213.20,0.34,0.0,1.2,0.0,,0.0
45,Loyalty Push FR,7,Email,conversions,2025-05-23,2025-12-28,43600.00,2025-06-18,2025-12-27,193,1724370,10317,0.00,113,6604.33,0.6,0.0,1.1,0.0,,0.0
46,Win Back FR,7,Email,conversions,2025-02-23,2025-09-02,36600.00,2025-02-27,2025-08-29,184,5667269,18237,0.00,199,14535.19,0.32,0.0,1.09,0.0,,0.0
47,Category Push FR,4,Video,traffic,2024-03-15,2024-10-01,11500.00,2024-03-25,2024-09-26,186,854763,7347,10353.45,46,3715.43,0.86,1.41,0.63,225.08,0.36,90.03
48,Competitor Conquest FR,6,Retargeting,retention,2024-05-28,2025-03-06,47300.00,2024-06-17,2025-02-16,245,7322476,19933,28098.99,239,16095.46,0.27,1.41,1.2,117.57,0.57,59.41
49,Spring Launch ES,3,Display,conversions,2024-07-22,2025-03-08,19200.00,2024-07-28,2025-01-11,168,1352284,10830,15451.23,107,7907.53,0.8,1.43,0.99,144.4,0.51,80.48
50,Summer Sale ES,7,Email,conversions,2025-07-28,2025-09-01,6500.00,2025-07-28,2025-08-31,35,84900,887,0.00,4,408.34,1.04,0.0,0.45,0.0,,0.0
51,Back to School ES,3,Display,traffic,2025-08-20,2025-10-20,2900.00,2025-08-20,2025-10-20,62,246625,2299,3496.20,11,801.42,0.93,1.52,0.48,317.84,0.23,120.56
52,Black Friday ES,2,Paid Social,conversions,2025-06-29,2026-01-08,28700.00,2025-07-10,2025-12-31,175,5826165,18899,28820.82,233,16851.78,0.32,1.52,1.23,123.69,0.58,100.42
53,Winter Clearance ES,1,Paid Search,conversions,2024-05-22,,12600.00,2024-09-17,2025-10-28,407,2786221,13080,19060.92,172,12069.91,0.47,1.46,1.31,110.82,0.63,151.28
54,New Year ES,7,Email,conversions,2025-05-31,2025-08-26,11800.00,2025-06-08,2025-08-21,75,2722084,6712,0.00,83,6661.04,0.25,0.0,1.24,0.0,,0.0
55,Brand Always On ES,8,Organic Search,conversions,2024-08-01,2024-12-01,40500.00,2024-08-16,2024-11-17,94,1399060,3923,0.00,51,3606.15,0.28,0.0,1.3,0.0,,0.0
56,Product Launch ES,7,Email,conversions,2025-10-15,2026-03-25,36500.00,2025-10-31,2025-12-28,59,1226355,4675,0.00,55,5755.97,0.38,0.0,1.18,0.0,,0.0
57,Loyalty Push ES,5,Affiliate,awareness,2025-10-01,2025-12-01,135200.00,2025-10-05,2025-11-29,56,894063,4136,5848.57,56,4511.26,0.46,1.41,1.35,104.44,0.77,4.33
58,Win Back ES,4,Video,traffic,2024-06-21,,8000.00,2024-06-21,2025-09-12,449,5821620,27074,38829.94,321,22924.39,0.47,1.43,1.19,120.97,0.59,485.37
59,Category Push ES,8,Organic Search,retention,2024-02-04,2024-02-26,3800.00,2024-02-05,2024-02-22,18,46136,240,0.00,3,293.05,0.52,0.0,1.25,0.0,,0.0
60,Competitor Conquest ES,4,Video,conversions,2024-12-26,2025-04-21,3600.00,2025-01-01,2025-04-19,109,1325191,7120,10240.70,67,4942.71,0.54,1.44,0.94,152.85,0.48,284.46
61,Spring Launch NL,3,Display,traffic,2025-01-21,2025-07-22,17100.00,2025-02-10,2025-07-13,154,371671,3465,4978.68,38,3028.19,0.93,1.44,1.1,131.02,0.61,29.12
62,Summer Sale NL,3,Display,retention,2024-10-19,,47100.00,2024-11-16,2025-12-04,384,94593154,200047,273672.36,2509,169873.00,0.21,1.37,1.25,109.08,0.62,581.05
63,Back to School NL,4,Video,conversions,2025-09-17,,29800.00,2025-09-17,2025-12-17,92,1879890,5049,7256.18,73,5917.35,0.27,1.44,1.45,99.4,0.82,24.35
64,Black Friday NL,3,Display,conversions,2024-04-23,2024-10-03,29400.00,2024-04-28,2024-10-03,159,820025,4980,7093.35,43,3721.55,0.61,1.42,0.86,164.96,0.52,24.13
65,Winter Clearance NL,7,Email,awareness,2024-12-14,2025-05-19,39200.00,2024-12-17,2025-05-06,141,1110005,6042,0.00,64,4752.47,0.54,0.0,1.06,0.0,,0.0
66,New Year NL,3,Display,awareness,2024-06-06,2024-08-23,9000.00,2024-06-06,2024-08-18,74,346231,2830,3941.03,28,1812.27,0.82,1.39,0.99,140.75,0.46,43.79
67,Brand Always On NL,2,Paid Social,conversions,2024-07-26,,8200.00,2024-08-08,2025-10-04,423,5687796,18184,27441.32,189,14189.54,0.32,1.51,1.04,145.19,0.52,334.65
68,Product Launch NL,4,Video,conversions,2024-02-26,2024-12-04,21100.00,2024-03-02,2024-11-16,260,2858196,7907,11654.10,102,6905.34,0.28,1.47,1.29,114.26,0.59,55.23
69,Loyalty Push NL,8,Organic Search,conversions,2024-02-28,2024-08-29,6300.00,2024-02-28,2024-08-26,181,709223,4830,0.00,41,2822.32,0.68,0.0,0.85,0.0,,0.0
70,Win Back NL,9,Direct,conversions,2024-10-27,2025-08-12,16800.00,2024-11-24,2025-07-17,236,1438589,7097,0.00,98,7809.04,0.49,0.0,1.38,0.0,,0.0
71,Category Push NL,2,Paid Social,awareness,2024-05-19,2024-07-11,19000.00,2024-05-28,2024-07-09,43,351446,2144,3192.98,18,1309.01,0.61,1.49,0.84,177.39,0.41,16.81
72,Competitor Conquest NL,6,Retargeting,awareness,2025-07-08,2025-08-01,56600.00,2025-07-12,2025-07-31,20,152553,619,912.00,3,684.89,0.41,1.47,0.48,304.0,0.75,1.61
73,Spring Launch SE,7,Email,traffic,2025-06-21,2026-02-13,33700.00,2025-06-23,2025-12-25,186,908982,7558,0.00,79,5905.89,0.83,0.0,1.05,0.0,,0.0
74,Summer Sale SE,6,Retargeting,traffic,2025-02-08,2025-07-08,15400.00,2025-02-09,2025-06-27,139,1068657,5998,8318.74,67,4921.34,0.56,1.39,1.12,124.16,0.59,54.02
75,Back to School SE,4,Video,awareness,2024-03-12,2024-07-29,8000.00,2024-03-19,2024-07-25,129,706268,4569,6754.99,43,3207.95,0.65,1.48,0.94,157.09,0.47,84.44
76,Black Friday SE,2,Paid Social,retention,2024-05-14,2024-10-24,17400.00,2024-05-21,2024-09-22,125,492819,3047,4539.81,37,2145.70,0.62,1.49,1.21,122.7,0.47,26.09
77,Winter Clearance SE,8,Organic Search,conversions,2025-07-07,2026-02-21,20900.00,2025-07-22,2025-12-28,160,459933,3513,0.00,27,2139.14,0.76,0.0,0.77,0.0,,0.0
78,New Year SE,9,Direct,traffic,2024-10-17,2025-07-01,10600.00,2024-10-25,2025-06-09,228,297562,2925,0.00,21,1524.82,0.98,0.0,0.72,0.0,,0.0
79,Brand Always On SE,5,Affiliate,retention,2025-03-23,,28500.00,2025-04-26,2025-12-23,242,7342443,18918,27062.64,244,20612.23,0.26,1.43,1.29,110.91,0.76,94.96
80,Product Launch SE,3,Display,conversions,2024-10-21,2025-07-21,14100.00,2024-11-07,2025-06-27,233,3362296,16664,22882.86,199,14242.66,0.5,1.37,1.19,114.99,0.62,162.29
81,Loyalty Push SE,8,Organic Search,conversions,2024-03-18,2024-12-10,20300.00,2024-04-08,2024-11-27,234,313014,2503,0.00,21,1776.75,0.8,0.0,0.84,0.0,,0.0
82,Win Back SE,7,Email,traffic,2024-06-01,2024-11-28,71100.00,2024-06-29,2024-11-12,137,300255,3102,0.00,22,1462.04,1.03,0.0,0.71,0.0,,0.0
83,Category Push SE,3,Display,traffic,2024-01-12,2024-08-26,32100.00,2024-02-04,2024-07-25,173,350391,2522,3370.64,21,1569.41,0.72,1.34,0.83,160.51,0.47,10.5
84,Competitor Conquest SE,6,Retargeting,conversions,2025-09-06,2026-06-27,92000.00,2025-09-08,2025-12-13,97,329370,2367,3625.18,28,1935.36,0.72,1.53,1.18,129.47,0.53,3.94
85,Spring Launch IE,8,Organic Search,conversions,2024-05-04,2024-06-14,25000.00,2024-05-04,2024-06-14,42,167082,1183,0.00,14,1092.03,0.71,0.0,1.18,0.0,,0.0
86,Summer Sale IE,1,Paid Search,retention,2024-10-11,2025-02-17,7300.00,2024-10-14,2024-12-19,67,269593,2559,3456.27,25,1904.46,0.95,1.35,0.98,138.25,0.55,47.35
87,Back to School IE,2,Paid Social,conversions,2025-06-03,,25100.00,2025-09-06,2025-12-12,98,92710,1267,2000.18,17,1140.83,1.37,1.58,1.34,117.66,0.57,7.97
88,Black Friday IE,9,Direct,retention,2025-02-10,,8500.00,2025-03-03,2025-12-02,275,371968,3365,0.00,12,576.16,0.9,0.0,0.36,0.0,,0.0
89,Winter Clearance IE,3,Display,traffic,2024-09-01,2025-06-25,4300.00,2024-10-02,2025-06-15,257,725646,4973,7291.51,65,4920.28,0.69,1.47,1.31,112.18,0.67,169.57
90,New Year IE,6,Retargeting,traffic,2025-03-21,2025-08-28,9100.00,2025-03-29,2025-08-17,142,441419,3000,4233.80,29,1753.37,0.68,1.41,0.97,145.99,0.41,46.53
91,Brand Always On IE,7,Email,conversions,2024-04-16,2024-10-12,4400.00,2024-05-10,2024-09-30,144,105961,954,0.00,5,454.38,0.9,0.0,0.52,0.0,,0.0
92,Product Launch IE,9,Direct,conversions,2024-10-24,,96200.00,2024-11-20,2025-12-28,404,2126358,12539,0.00,107,7660.15,0.59,0.0,0.85,0.0,,0.0
93,Loyalty Push IE,8,Organic Search,traffic,2024-11-05,2025-01-24,52300.00,2024-11-14,2025-01-21,69,223136,1774,0.00,12,952.20,0.8,0.0,0.68,0.0,,0.0
94,Win Back IE,6,Retargeting,conversions,2024-10-07,2024-12-12,9800.00,2024-10-10,2024-12-12,64,878020,4575,6921.27,58,4316.37,0.52,1.51,1.27,119.33,0.62,70.63
95,Category Push IE,2,Paid Social,retention,2025-05-19,2026-02-10,28000.00,2025-06-29,2025-12-26,181,884199,5099,7430.85,48,3233.40,0.58,1.46,0.94,154.81,0.44,26.54
96,Competitor Conquest IE,6,Retargeting,retention,2024-05-21,2024-09-21,15000.00,2024-05-28,2024-09-05,101,377207,2357,3398.86,28,1628.40,0.62,1.44,1.19,121.39,0.48,22.66
97,Spring Launch CA,9,Direct,conversions,2024-08-08,2024-12-30,13000.00,2024-08-10,2024-12-01,114,731430,3731,0.00,44,3285.87,0.51,0.0,1.18,0.0,,0.0
98,Summer Sale CA,3,Display,conversions,2025-09-06,2026-06-25,9500.00,2025-09-30,2025-12-13,75,156585,1278,1871.54,15,1184.14,0.82,1.46,1.17,124.77,0.63,19.7
99,Back to School CA,3,Display,awareness,2025-03-04,2025-09-19,18800.00,2025-03-08,2025-08-28,174,1420914,7301,11110.92,91,6682.77,0.51,1.52,1.25,122.1,0.6,59.1
100,Black Friday CA,8,Organic Search,awareness,2025-04-18,2025-12-14,1900.00,2025-04-27,2025-12-13,231,754562,4748,0.00,47,3493.61,0.63,0.0,0.99,0.0,,0.0
101,Winter Clearance CA,4,Video,traffic,2025-02-19,,2500.00,2025-03-24,2025-10-19,210,672374,3725,5645.38,25,1762.52,0.55,1.52,0.67,225.82,0.31,225.82
102,New Year CA,3,Display,conversions,2024-08-18,2025-02-09,43000.00,2024-08-22,2025-02-03,166,2727204,8192,12353.41,86,6981.32,0.3,1.51,1.05,143.64,0.57,28.73
103,Brand Always On CA,3,Display,traffic,2025-06-28,2025-09-12,10700.00,2025-06-28,2025-08-30,64,232640,1996,2876.98,15,1025.38,0.86,1.44,0.75,191.8,0.36,26.89
104,Product Launch CA,8,Organic Search,awareness,2024-05-24,2024-07-09,26000.00,2024-05-29,2024-07-05,38,1520127,3643,0.00,54,3604.82,0.24,0.0,1.48,0.0,,0.0
105,Loyalty Push CA,9,Direct,conversions,2025-05-02,,15700.00,2025-05-26,2025-12-19,208,507372,4440,0.00,43,3437.93,0.88,0.0,0.97,0.0,,0.0
106,Win Back CA,9,Direct,conversions,2024-07-05,,15000.00,2024-09-08,2025-11-07,426,23836597,61960,0.00,773,64659.41,0.26,0.0,1.25,0.0,,0.0
107,Category Push CA,2,Paid Social,awareness,2024-07-16,2024-12-23,26200.00,2024-08-12,2024-12-11,122,67186,1153,1737.47,3,187.48,1.72,1.51,0.26,579.16,0.11,6.63
108,Competitor Conquest CA,2,Paid Social,traffic,2025-05-06,2025-09-30,28200.00,2025-05-10,2025-09-25,139,3724448,9702,13736.77,121,9226.64,0.26,1.42,1.25,113.53,0.67,48.71
109,Spring Launch AU,7,Email,conversions,2024-04-17,2024-06-23,4700.00,2024-04-22,2024-06-20,60,63369,934,0.00,5,290.17,1.47,0.0,0.54,0.0,,0.0
110,Summer Sale AU,5,Affiliate,awareness,2024-06-22,2024-07-24,46300.00,2024-06-26,2024-07-19,24,249041,836,1055.82,10,692.00,0.34,1.26,1.2,105.58,0.66,2.28
111,Back to School AU,6,Retargeting,conversions,2025-03-29,2025-05-05,25800.00,2025-03-31,2025-05-03,34,77632,643,932.79,9,599.61,0.83,1.45,1.4,103.64,0.64,3.62
112,Black Friday AU,4,Video,traffic,2024-01-02,2024-08-20,36800.00,2024-01-09,2024-07-29,203,314781,2173,2891.01,25,2062.22,0.69,1.33,1.15,115.64,0.71,7.86
113,Winter Clearance AU,8,Organic Search,awareness,2024-07-24,2025-03-11,12000.00,2024-08-20,2025-02-24,189,2704783,12136,0.00,157,12420.01,0.45,0.0,1.29,0.0,,0.0
114,New Year AU,9,Direct,conversions,2024-03-12,2024-12-25,5100.00,2024-04-19,2024-12-20,246,1814159,9681,0.00,93,6045.76,0.53,0.0,0.96,0.0,,0.0
115,Brand Always On AU,2,Paid Social,conversions,2024-02-26,2024-11-17,9000.00,2024-02-28,2024-11-04,251,1097877,8127,11505.94,71,4922.71,0.74,1.42,0.87,162.06,0.43,127.84
116,Product Launch AU,5,Affiliate,awareness,2024-05-09,2025-01-27,5500.00,2024-05-16,2025-01-12,242,1912436,9394,13357.04,92,5398.69,0.49,1.42,0.98,145.19,0.4,242.86
117,Loyalty Push AU,5,Affiliate,conversions,2025-06-26,2026-03-07,23300.00,2025-07-23,2025-11-26,127,90817,1543,2190.24,2,31.37,1.7,1.42,0.13,1095.12,0.01,9.4
118,Win Back AU,3,Display,conversions,2024-10-08,2024-12-29,41400.00,2024-11-01,2024-12-10,40,49957,754,1185.27,2,164.87,1.51,1.57,0.27,592.64,0.14,2.86
119,Category Push AU,5,Affiliate,conversions,2024-08-13,2025-04-24,37900.00,2024-08-22,2025-04-14,236,768914,5756,8635.42,64,4255.10,0.75,1.5,1.11,134.93,0.49,22.78
120,Competitor Conquest AU,8,Organic Search,conversions,2024-05-24,2025-02-01,3400.00,2024-06-02,2025-01-15,228,900427,6536,0.00,75,4590.43,0.73,0.0,1.15,0.0,,0.0
121,Spring Launch UK 2,5,Affiliate,awareness,2024-10-12,,60100.00,2024-10-28,2025-12-29,428,1408227,9640,14413.17,93,5504.81,0.68,1.5,0.96,154.98,0.38,23.98
122,Summer Sale UK 2,3,Display,traffic,2024-09-05,,10600.00,2024-10-04,2025-11-06,399,2259860,10315,15225.50,129,9956.03,0.46,1.48,1.25,118.03,0.65,143.64
123,Back to School UK 2,2,Paid Social,conversions,2024-01-15,2024-09-24,9400.00,2024-02-05,2024-09-17,226,485473,3366,4549.01,35,3412.51,0.69,1.35,1.04,129.97,0.75,48.39
124,Black Friday UK 2,7,Email,conversions,2025-04-25,2025-10-19,7900.00,2025-05-01,2025-09-22,145,609424,3389,0.00,36,2258.35,0.56,0.0,1.06,0.0,,0.0
125,Winter Clearance UK 2,8,Organic Search,conversions,2025-05-31,2026-03-01,93700.00,2025-07-29,2025-12-03,128,38168,869,0.00,0,0.00,2.28,0.0,0.0,,,0.0
126,New Year UK 2,3,Display,conversions,2025-03-12,2025-11-09,29500.00,2025-04-04,2025-10-09,189,1345059,5692,8004.37,63,4584.00,0.42,1.41,1.11,127.05,0.57,27.13
127,Brand Always On UK 2,2,Paid Social,retention,2025-06-11,2026-02-20,21600.00,2025-06-18,2025-12-03,169,2122270,7889,12081.17,76,4715.28,0.37,1.53,0.96,158.96,0.39,55.93
128,Product Launch UK 2,5,Affiliate,conversions,2025-10-15,2026-07-07,14600.00,2025-10-15,2025-12-17,64,312533,2147,2977.71,28,1895.71,0.69,1.39,1.3,106.35,0.64,20.4
129,Loyalty Push UK 2,4,Video,retention,2025-03-26,2025-04-27,17300.00,2025-03-26,2025-04-25,31,442451,1815,2759.02,19,1070.62,0.41,1.52,1.05,145.21,0.39,15.95
130,Win Back UK 2,1,Paid Search,retention,2024-06-16,2025-03-10,4300.00,2024-06-26,2025-03-09,257,3399208,14403,20498.26,175,12326.16,0.42,1.42,1.22,117.13,0.6,476.7
131,Category Push UK 2,1,Paid Search,retention,2025-03-09,2025-08-15,14400.00,2025-03-24,2025-08-05,135,400570,2693,3794.94,27,1690.08,0.67,1.41,1.0,140.55,0.45,26.35
132,Competitor Conquest UK 2,3,Display,conversions,2025-01-12,,19100.00,2025-02-15,2025-10-21,249,182363,3096,4473.52,8,817.36,1.7,1.44,0.26,559.19,0.18,23.42
133,Spring Launch US 2,7,Email,awareness,2024-02-08,2024-04-25,12200.00,2024-03-04,2024-04-07,35,584,14,0.00,0,0.00,2.4,0.0,0.0,,,0.0
134,Summer Sale US 2,9,Direct,retention,2024-09-19,2025-03-30,8000.00,2024-10-14,2025-03-08,146,121630,1588,0.00,7,555.11,1.31,0.0,0.44,0.0,,0.0
135,Back to School US 2,9,Direct,traffic,2024-10-22,2025-05-25,42000.00,2024-11-20,2025-05-09,171,133477,1913,0.00,3,256.46,1.43,0.0,0.16,0.0,,0.0
136,Black Friday US 2,6,Retargeting,conversions,2025-01-08,2025-02-14,35100.00,2025-01-14,2025-02-11,29,162162,663,964.81,4,128.99,0.41,1.46,0.6,241.2,0.13,2.75
137,Winter Clearance US 2,3,Display,conversions,2025-06-30,2025-11-09,6100.00,2025-07-08,2025-11-02,118,114924,1488,2223.02,9,1004.83,1.29,1.49,0.6,247.0,0.45,36.44
138,New Year US 2,3,Display,traffic,2025-07-26,2026-01-22,73400.00,2025-07-31,2025-12-08,131,320038,2582,3744.95,21,1328.98,0.81,1.45,0.81,178.33,0.35,5.1
139,Brand Always On US 2,3,Display,conversions,2024-07-24,,14300.00,2024-08-15,2025-12-06,479,2486351,15118,21828.56,139,9791.78,0.61,1.44,0.92,157.04,0.45,152.65
140,Product Launch US 2,2,Paid Social,conversions,2025-05-16,,36600.00,2025-06-13,2025-12-29,200,1641098,7122,10599.24,73,5410.47,0.43,1.49,1.02,145.2,0.51,28.96
141,Loyalty Push US 2,3,Display,conversions,2024-02-14,2024-04-26,7200.00,2024-02-23,2024-04-19,57,3614869,8332,11060.86,150,10049.43,0.23,1.33,1.8,73.74,0.91,153.62
142,Win Back US 2,4,Video,conversions,2025-01-12,2025-08-14,8700.00,2025-02-02,2025-08-10,190,794847,5618,7877.10,63,4786.08,0.71,1.4,1.12,125.03,0.61,90.54
143,Category Push US 2,4,Video,traffic,2024-11-29,2025-05-31,20500.00,2024-12-04,2025-05-25,173,552222,1335,2041.18,19,1419.36,0.24,1.53,1.42,107.43,0.7,9.96
144,Competitor Conquest US 2,1,Paid Search,conversions,2025-06-17,2026-01-04,18300.00,2025-06-23,2025-12-07,168,142452,1352,1952.79,15,1209.12,0.95,1.44,1.11,130.19,0.62,10.67
145,Spring Launch DE 2,1,Paid Search,traffic,2024-09-27,2025-06-09,11500.00,2024-10-15,2025-06-08,237,1434326,5381,7351.19,60,4394.03,0.38,1.37,1.12,122.52,0.6,63.92
146,Summer Sale DE 2,5,Affiliate,conversions,2024-01-15,2024-06-22,3300.00,2024-01-17,2024-06-22,158,2706941,9512,13520.01,116,8652.36,0.35,1.42,1.22,116.55,0.64,409.7
147,Back to School DE 2,8,Organic Search,conversions,2024-05-30,2024-08-19,7600.00,2024-06-14,2024-08-08,56,57668,723,0.00,5,407.13,1.25,0.0,0.69,0.0,,0.0
148,Black Friday DE 2,5,Affiliate,conversions,2024-01-09,,18400.00,2024-03-10,2025-11-26,627,3013073,16342,23570.90,138,11554.66,0.54,1.44,0.84,170.8,0.49,128.1
150,New Year DE 2,9,Direct,conversions,2024-08-23,2025-03-28,66100.00,2024-09-12,2025-03-28,198,2326839,8233,0.00,87,5739.55,0.35,0.0,1.06,0.0,,0.0
151,Brand Always On DE 2,2,Paid Social,awareness,2024-07-07,2024-11-19,9000.00,2024-07-13,2024-11-13,124,773893,4648,6824.14,49,3018.96,0.6,1.47,1.05,139.27,0.44,75.82
152,Product Launch DE 2,1,Paid Search,conversions,2024-06-17,,51100.00,2024-07-27,2025-12-30,522,775912,9351,13869.25,63,4417.64,1.21,1.48,0.67,220.15,0.32,27.14
153,Loyalty Push DE 2,5,Affiliate,conversions,2025-03-20,,2200.00,2025-04-16,2025-11-10,209,706201,4637,6605.55,41,2552.45,0.66,1.42,0.88,161.11,0.39,300.25
154,Win Back DE 2,4,Video,conversions,2024-07-12,2025-03-14,6200.00,2024-09-08,2025-02-09,155,3900559,10431,15480.76,128,9609.38,0.27,1.48,1.23,120.94,0.62,249.69
155,Category Push DE 2,1,Paid Search,awareness,2025-07-17,,94400.00,2025-07-20,2025-12-20,154,287780,2465,3300.75,29,2555.43,0.86,1.34,1.18,113.82,0.77,3.5
156,Competitor Conquest DE 2,7,Email,retention,2024-11-22,,1500.00,2025-02-21,2025-10-16,238,115146,1593,0.00,6,525.89,1.38,0.0,0.38,0.0,,0.0
157,Spring Launch FR 2,3,Display,awareness,2024-08-13,,49100.00,2024-09-06,2025-09-19,379,579468,6113,8606.53,53,3619.72,1.05,1.41,0.87,162.39,0.42,17.53
158,Summer Sale FR 2,8,Organic Search,awareness,2024-03-29,2024-12-15,35600.00,2024-05-17,2024-10-27,164,61608,965,0.00,1,142.28,1.57,0.0,0.1,0.0,,0.0
159,Back to School FR 2,3,Display,conversions,2024-03-13,2024-11-21,9600.00,2024-04-10,2024-10-30,204,979152,6446,9384.80,60,4197.85,0.66,1.46,0.93,156.41,0.45,97.76
160,Black Friday FR 2,4,Video,traffic,2025-01-28,2025-06-29,13100.00,2025-02-07,2025-06-28,142,88559,1087,1594.05,2,63.30,1.23,1.47,0.18,797.03,0.04,12.17
161,Winter Clearance FR 2,8,Organic Search,conversions,2025-04-02,2025-10-30,11300.00,2025-04-02,2025-10-16,198,2496800,7258,0.00,68,4025.96,0.29,0.0,0.94,0.0,,0.0
162,New Year FR 2,8,Organic Search,awareness,2024-02-29,2024-04-19,12200.00,2024-03-13,2024-04-16,35,1916,69,0.00,0,0.00,3.6,0.0,0.0,,,0.0
163,Brand Always On FR 2,2,Paid Social,conversions,2024-06-01,2024-12-10,3000.00,2024-06-19,2024-12-02,167,1449876,6523,9159.03,60,5178.16,0.45,1.4,0.92,152.65,0.57,305.3
164,Product Launch FR 2,9,Direct,traffic,2024-06-21,2024-11-30,5400.00,2024-06-28,2024-11-09,135,584061,3202,0.00,46,3471.98,0.55,0.0,1.44,0.0,,0.0
165,Loyalty Push FR 2,9,Direct,traffic,2025-08-01,2025-09-23,9500.00,2025-08-15,2025-09-21,38,47884,485,0.00,3,163.90,1.01,0.0,0.62,0.0,,0.0
166,Win Back FR 2,4,Video,traffic,2025-05-19,2025-06-27,20500.00,2025-05-27,2025-06-24,29,10540,146,205.98,0,0.00,1.39,1.41,0.0,,0.0,1.0
167,Category Push FR 2,2,Paid Social,awareness,2025-05-25,2025-09-22,5000.00,2025-06-20,2025-08-29,71,265114,1647,2306.94,16,1394.92,0.62,1.4,0.97,144.18,0.6,46.14
168,Competitor Conquest FR 2,1,Paid Search,conversions,2024-10-31,2024-12-26,23000.00,2024-11-25,2024-12-20,26,52284,149,157.84,3,227.19,0.28,1.06,2.01,52.61,1.44,0.69
170,Summer Sale ES 2,7,Email,retention,2025-02-23,,15200.00,2025-06-04,2025-12-26,206,4089603,13480,0.00,158,12577.22,0.33,0.0,1.17,0.0,,0.0
171,Back to School ES 2,6,Retargeting,conversions,2024-11-27,2025-04-24,2000.00,2024-12-01,2025-04-14,135,137407,1261,1792.86,9,716.61,0.92,1.42,0.71,199.21,0.4,89.64
172,Black Friday ES 2,4,Video,traffic,2025-03-29,2025-09-04,3100.00,2025-04-18,2025-08-16,121,858344,3678,5530.25,39,2402.33,0.43,1.5,1.06,141.8,0.43,178.4
173,Winter Clearance ES 2,6,Retargeting,traffic,2025-05-16,,21400.00,2025-06-09,2025-12-30,205,4142599,13932,19814.72,144,10159.22,0.34,1.42,1.03,137.6,0.51,92.59
174,New Year ES 2,9,Direct,conversions,2025-04-29,2026-01-20,2500.00,2025-05-23,2025-09-11,112,767363,3129,0.00,50,4052.98,0.41,0.0,1.6,0.0,,0.0
175,Brand Always On ES 2,8,Organic Search,conversions,2025-09-10,,70200.00,2025-10-05,2025-12-14,71,187174,2429,0.00,27,1951.15,1.3,0.0,1.11,0.0,,0.0
176,Product Launch ES 2,6,Retargeting,traffic,2024-11-15,2025-04-22,4000.00,2024-11-17,2025-04-16,151,104274,1596,2344.24,10,656.89,1.53,1.47,0.63,234.42,0.28,58.61
177,Loyalty Push ES 2,6,Retargeting,traffic,2025-07-31,2025-12-10,14800.00,2025-09-02,2025-11-24,84,278334,1930,2779.10,17,1337.91,0.69,1.44,0.88,163.48,0.48,18.78
178,Win Back ES 2,4,Video,traffic,2024-09-15,2025-01-30,3800.00,2024-10-05,2025-01-28,116,109297,1250,1775.95,12,988.21,1.14,1.42,0.96,148.0,0.56,46.74
179,Category Push ES 2,6,Retargeting,traffic,2024-02-09,2024-09-02,14900.00,2024-04-06,2024-07-12,98,76687,979,1412.74,6,601.84,1.28,1.44,0.61,235.46,0.43,9.48
180,Competitor Conquest ES 2,9,Direct,traffic,2025-04-10,2025-12-14,60500.00,2025-04-15,2025-09-10,149,3302286,10623,0.00,124,8697.26,0.32,0.0,1.17,0.0,,0.0
181,Spring Launch NL 2,6,Retargeting,retention,2024-08-25,2024-11-17,19400.00,2024-08-26,2024-11-03,70,294798,1257,1792.00,11,686.85,0.43,1.43,0.88,162.91,0.38,9.24
182,Summer Sale NL 2,4,Video,conversions,2025-05-20,2025-12-04,9400.00,2025-05-28,2025-11-03,160,1045707,4173,5858.60,42,3173.58,0.4,1.4,1.01,139.49,0.54,62.33
183,Back to School NL 2,9,Direct,conversions,2024-12-01,,17000.00,2025-05-11,2025-11-06,180,5249,162,0.00,0,0.00,3.09,0.0,0.0,,,0.0
184,Black Friday NL 2,2,Paid Social,conversions,2025-04-11,2025-09-17,3700.00,2025-05-10,2025-07-21,73,5309,84,150.47,0,0.00,1.58,1.79,0.0,,0.0,4.07
186,New Year NL 2,6,Retargeting,awareness,2024-08-26,2024-12-05,12700.00,2024-08-26,2024-11-23,90,1093879,4099,6515.65,42,3046.57,0.37,1.59,1.02,155.13,0.47,51.3
187,Brand Always On NL 2,5,Affiliate,retention,2024-09-14,2024-10-31,12000.00,2024-09-19,2024-10-29,41,98629,564,794.18,6,247.93,0.57,1.41,1.06,132.36,0.31,6.62
188,Product Launch NL 2,3,Display,retention,2024-04-20,2024-05-12,15700.00,2024-04-30,2024-05-09,10,5791,81,141.38,1,31.64,1.4,1.75,1.23,141.38,0.22,0.9
189,Loyalty Push NL 2,1,Paid Search,conversions,2024-07-01,2024-10-19,17500.00,2024-07-07,2024-08-25,50,16320,292,403.69,0,0.00,1.79,1.38,0.0,,0.0,2.31
190,Win Back NL 2,9,Direct,traffic,2024-07-26,2025-01-27,900.00,2024-09-04,2024-12-09,97,71847,1261,0.00,8,527.66,1.76,0.0,0.63,0.0,,0.0
192,Competitor Conquest NL 2,9,Direct,conversions,2024-08-17,2024-10-18,26800.00,2024-09-15,2024-10-13,29,39805,338,0.00,1,37.26,0.85,0.0,0.3,0.0,,0.0
193,Spring Launch SE 2,9,Direct,awareness,2025-02-25,2025-04-11,249500.00,2025-03-03,2025-04-07,36,567731,2024,0.00,26,1640.08,0.36,0.0,1.28,0.0,,0.0
194,Summer Sale SE 2,8,Organic Search,awareness,2025-05-18,2026-02-02,12400.00,2025-09-09,2025-12-23,106,9229127,19821,0.00,287,24593.15,0.21,0.0,1.45,0.0,,0.0
195,Back to School SE 2,6,Retargeting,retention,2025-08-11,2026-03-13,189800.00,2025-08-11,2025-12-10,122,74974,1038,1540.06,6,454.64,1.38,1.48,0.58,256.68,0.3,0.81
197,Winter Clearance SE 2,5,Affiliate,conversions,2025-08-28,2025-10-17,4500.00,2025-09-07,2025-10-09,33,141446,748,1017.78,7,327.24,0.53,1.36,0.94,145.4,0.32,22.62
198,New Year SE 2,6,Retargeting,conversions,2025-10-20,2026-08-05,22200.00,2025-10-30,2025-12-23,55,19282,177,219.32,4,709.54,0.92,1.24,2.26,54.83,3.24,0.99
199,Brand Always On SE 2,2,Paid Social,conversions,2024-05-11,2024-12-24,17200.00,2024-06-26,2024-12-10,168,547066,4784,6761.28,54,3632.55,0.87,1.41,1.13,125.21,0.54,39.31
200,Product Launch SE 2,7,Email,traffic,2024-05-13,2024-08-09,23000.00,2024-05-17,2024-07-24,69,827300,2813,0.00,42,3444.78,0.34,0.0,1.49,0.0,,0.0
202,Win Back SE 2,4,Video,conversions,2025-08-06,2026-03-10,81800.00,2025-09-03,2025-11-28,87,121609,1085,1619.47,13,1220.62,0.89,1.49,1.2,124.57,0.75,1.98
203,Category Push SE 2,4,Video,traffic,2024-03-01,2024-07-21,6700.00,2024-04-12,2024-07-10,90,66294,787,1057.58,4,263.39,1.19,1.34,0.51,264.4,0.25,15.78
204,Competitor Conquest SE 2,3,Display,traffic,2025-07-23,2026-03-25,12900.00,2025-10-03,2025-12-15,74,34171,590,911.34,4,160.29,1.73,1.54,0.68,227.84,0.18,7.06
205,Spring Launch IE 2,3,Display,conversions,2025-04-03,,25500.00,2025-04-24,2025-12-23,244,3394650,10456,16087.88,132,8555.70,0.31,1.54,1.26,121.88,0.53,63.09
206,Summer Sale IE 2,2,Paid Social,awareness,2025-08-28,2025-10-28,5100.00,2025-09-27,2025-10-24,28,5404,115,151.94,0,0.00,2.13,1.32,0.0,,0.0,2.98
207,Back to School IE 2,4,Video,conversions,2025-10-13,2026-02-16,67900.00,2025-10-30,2025-12-31,63,15394,449,615.15,1,88.39,2.92,1.37,0.22,615.15,0.14,0.91
208,Black Friday IE 2,6,Retargeting,conversions,2025-07-10,,18100.00,2025-08-11,2025-12-01,113,380754,2133,3202.09,26,1993.61,0.56,1.5,1.22,123.16,0.62,17.69
209,Winter Clearance IE 2,9,Direct,retention,2025-04-09,,11500.00,2025-04-22,2025-12-19,242,543397,4371,0.00,37,2583.78,0.8,0.0,0.85,0.0,,0.0
210,New Year IE 2,9,Direct,traffic,2024-04-21,2024-12-24,13400.00,2024-04-28,2024-11-24,211,266303,3106,0.00,17,944.15,1.17,0.0,0.55,0.0,,0.0
211,Brand Always On IE 2,2,Paid Social,awareness,2024-06-08,2024-11-16,14600.00,2024-06-16,2024-10-27,134,214156,1321,1975.17,15,897.30,0.62,1.5,1.14,131.68,0.45,13.53
212,Product Launch IE 2,8,Organic Search,conversions,2025-01-10,2025-04-22,9300.00,2025-01-18,2025-03-29,71,3856,148,0.00,0,0.00,3.84,0.0,0.0,,,0.0
213,Loyalty Push IE 2,9,Direct,awareness,2024-01-15,2024-03-01,33600.00,2024-01-18,2024-02-20,34,264217,1133,0.00,13,1006.80,0.43,0.0,1.15,0.0,,0.0
214,Win Back IE 2,6,Retargeting,conversions,2024-07-30,2025-05-18,2700.00,2024-12-17,2025-04-28,133,443744,2547,3568.62,29,2272.43,0.57,1.4,1.14,123.06,0.64,132.17
215,Category Push IE 2,8,Organic Search,conversions,2025-06-02,2025-11-02,10000.00,2025-06-18,2025-10-18,123,932156,2964,0.00,45,3729.84,0.32,0.0,1.52,0.0,,0.0
217,Spring Launch CA 2,3,Display,traffic,2025-05-30,2026-03-01,6100.00,2025-08-05,2025-11-22,110,80689,594,870.56,7,429.72,0.74,1.47,1.18,124.37,0.49,14.27
218,Summer Sale CA 2,5,Affiliate,awareness,2025-10-02,2025-12-25,759000.00,2025-10-12,2025-12-14,64,52257,871,1180.22,5,351.01,1.67,1.36,0.57,236.04,0.3,0.16
219,Back to School CA 2,3,Display,awareness,2024-02-22,2024-08-17,23300.00,2024-03-04,2024-07-06,125,179334,1816,2803.88,15,993.27,1.01,1.54,0.83,186.93,0.35,12.03
220,Black Friday CA 2,1,Paid Search,traffic,2025-01-29,2025-06-09,27600.00,2025-02-11,2025-05-01,80,267461,1680,2467.26,14,1469.79,0.63,1.47,0.83,176.23,0.6,8.94
221,Winter Clearance CA 2,2,Paid Social,retention,2024-03-05,2024-08-16,39300.00,2024-03-10,2024-08-09,153,392392,2458,3334.48,29,2452.85,0.63,1.36,1.18,114.98,0.74,8.48
222,New Year CA 2,7,Email,conversions,2024-09-30,2024-11-24,800.00,2024-10-02,2024-11-18,48,84484,971,0.00,9,646.85,1.15,0.0,0.93,0.0,,0.0
223,Brand Always On CA 2,1,Paid Search,retention,2024-04-05,2024-08-08,10300.00,2024-04-06,2024-08-08,125,69997,1173,1763.00,1,102.85,1.68,1.5,0.09,1763.0,0.06,17.12
224,Product Launch CA 2,5,Affiliate,traffic,2024-05-19,2024-12-20,9000.00,2024-07-16,2024-12-14,152,1452957,6316,8575.73,71,6249.41,0.43,1.36,1.12,120.78,0.73,95.29
225,Loyalty Push CA 2,1,Paid Search,awareness,2025-06-10,2026-02-12,2700.00,2025-06-21,2025-11-24,157,400723,2450,3402.48,21,1640.64,0.61,1.39,0.86,162.02,0.48,126.02
228,Competitor Conquest CA 2,3,Display,conversions,2024-01-15,2024-08-28,9600.00,2024-01-20,2024-07-02,165,101174,1174,1723.48,2,242.11,1.16,1.47,0.17,861.74,0.14,17.95
229,Spring Launch AU 2,5,Affiliate,retention,2024-12-10,2025-09-18,79200.00,2024-12-18,2025-07-10,205,345608,2897,4380.31,24,1536.98,0.84,1.51,0.83,182.51,0.35,5.53
230,Summer Sale AU 2,3,Display,conversions,2025-07-19,2025-11-13,14700.00,2025-07-21,2025-11-01,104,801821,3798,5539.63,40,2768.41,0.47,1.46,1.05,138.49,0.5,37.68
233,Winter Clearance AU 2,4,Video,awareness,2024-10-30,2025-04-05,27200.00,2025-01-12,2025-03-24,72,60231,657,880.85,3,131.87,1.09,1.34,0.46,293.62,0.15,3.24
234,New Year AU 2,1,Paid Search,conversions,2024-03-11,2024-12-10,11500.00,2024-03-18,2024-10-17,214,430306,3464,4952.04,27,2139.68,0.81,1.43,0.78,183.41,0.43,43.06
235,Brand Always On AU 2,5,Affiliate,retention,2024-07-02,2024-08-25,21200.00,2024-07-18,2024-08-11,25,508936,1269,1886.19,22,1231.54,0.25,1.49,1.73,85.74,0.65,8.9
236,Product Launch AU 2,8,Organic Search,retention,2024-10-07,2025-02-22,8900.00,2024-10-09,2025-02-14,126,345102,1867,0.00,29,2565.54,0.54,0.0,1.55,0.0,,0.0
237,Loyalty Push AU 2,1,Paid Search,traffic,2024-09-16,,23100.00,2024-10-12,2025-10-20,374,6779409,22160,32319.08,263,20319.30,0.33,1.46,1.19,122.89,0.63,139.91
238,Win Back AU 2,5,Affiliate,retention,2024-09-15,2024-10-20,11200.00,2024-09-15,2024-10-15,31,21871,266,358.85,4,313.37,1.22,1.35,1.5,89.71,0.87,3.2
239,Category Push AU 2,7,Email,traffic,2025-04-04,2025-08-24,29900.00,2025-04-09,2025-08-01,115,487410,3335,0.00,28,2666.16,0.68,0.0,0.84,0.0,,0.0
241,Spring Launch UK 3,9,Direct,conversions,2024-04-18,2024-10-14,8300.00,2024-04-20,2024-09-18,152,1313167,6449,0.00,60,4294.08,0.49,0.0,0.93,0.0,,0.0
242,Summer Sale UK 3,3,Display,conversions,2025-04-28,,30900.00,2025-07-09,2025-12-15,160,232482,2290,3235.54,21,1477.26,0.99,1.41,0.92,154.07,0.46,10.47
243,Back to School UK 3,2,Paid Social,retention,2024-01-30,2024-09-06,81500.00,2024-02-06,2024-05-17,102,74192,952,1331.74,4,331.04,1.28,1.4,0.42,332.94,0.25,1.63
245,Winter Clearance UK 3,2,Paid Social,traffic,2024-05-25,2024-09-03,5900.00,2024-05-28,2024-09-03,99,63339,817,1085.89,3,204.70,1.29,1.33,0.37,361.96,0.19,18.4
246,New Year UK 3,4,Video,retention,2025-01-24,,30400.00,2025-04-29,2025-09-30,155,294333,2243,3087.42,21,1118.97,0.76,1.38,0.94,147.02,0.36,10.16
247,Brand Always On UK 3,1,Paid Search,conversions,2024-10-21,2025-02-03,5100.00,2024-11-13,2025-01-03,52,241115,1744,2469.16,18,1251.11,0.72,1.42,1.03,137.18,0.51,48.41
248,Product Launch UK 3,5,Affiliate,traffic,2024-05-16,2024-12-28,9400.00,2024-07-18,2024-12-08,144,164810,2313,3613.77,10,692.49,1.4,1.56,0.43,361.38,0.19,38.44
249,Loyalty Push UK 3,6,Retargeting,conversions,2025-06-23,2026-02-08,50700.00,2025-07-29,2025-12-18,143,144633,2027,2950.50,8,414.51,1.4,1.46,0.39,368.81,0.14,5.82
251,Category Push UK 3,6,Retargeting,traffic,2025-09-25,2025-12-19,11800.00,2025-10-12,2025-12-13,63,156353,1532,2281.28,18,1096.64,0.98,1.49,1.17,126.74,0.48,19.33
252,Competitor Conquest UK 3,3,Display,awareness,2025-05-14,2025-07-22,8300.00,2025-05-23,2025-07-21,60,768313,2198,3321.95,11,855.11,0.29,1.51,0.5,302.0,0.26,40.02
253,Spring Launch US 3,9,Direct,retention,2024-06-29,2024-12-07,5500.00,2024-08-07,2024-10-19,74,18206,122,0.00,3,103.26,0.67,0.0,2.46,0.0,,0.0
254,Summer Sale US 3,4,Video,conversions,2024-11-29,2025-01-09,8600.00,2024-12-13,2025-01-04,23,4482,125,207.11,1,121.72,2.79,1.66,0.8,207.11,0.59,2.41
255,Back to School US 3,3,Display,traffic,2024-09-10,,12700.00,2024-12-13,2025-07-17,217,3416140,9371,14373.98,114,8356.69,0.27,1.53,1.22,126.09,0.58,113.18
256,Black Friday US 3,2,Paid Social,traffic,2025-07-12,2025-12-16,11600.00,2025-07-28,2025-12-14,140,1602645,6466,9251.84,67,5547.68,0.4,1.43,1.04,138.09,0.6,79.76
257,Winter Clearance US 3,5,Affiliate,awareness,2024-10-14,,53100.00,2025-05-21,2025-12-16,210,357363,2973,4367.32,31,1900.61,0.83,1.47,1.04,140.88,0.44,8.22
258,New Year US 3,2,Paid Social,conversions,2024-03-13,,17900.00,2024-04-16,2025-10-16,549,476197,2993,4162.80,24,1887.96,0.63,1.39,0.8,173.45,0.45,23.26
259,Brand Always On US 3,5,Affiliate,traffic,2024-05-03,2024-06-08,2700.00,2024-05-13,2024-06-07,26,153661,681,1138.43,2,175.96,0.44,1.67,0.29,569.22,0.15,42.16
260,Product Launch US 3,7,Email,awareness,2025-07-31,2026-05-16,66900.00,2025-08-07,2025-12-28,144,1180042,4616,0.00,71,4762.54,0.39,0.0,1.54,0.0,,0.0
261,Loyalty Push US 3,2,Paid Social,conversions,2024-09-29,,65800.00,2025-02-18,2025-09-14,209,2137885,6905,9811.64,103,6321.39,0.32,1.42,1.49,95.26,0.64,14.91
264,Competitor Conquest US 3,3,Display,conversions,2025-04-15,,315100.00,2025-04-21,2025-08-29,131,982481,5690,8038.44,63,3869.07,0.58,1.41,1.11,127.59,0.48,2.55
265,Spring Launch DE 3,1,Paid Search,conversions,2024-07-23,2025-01-04,16300.00,2024-09-02,2024-12-31,121,2902491,9073,13029.54,116,9135.04,0.31,1.44,1.28,112.32,0.7,79.94
266,Summer Sale DE 3,8,Organic Search,awareness,2025-05-24,2025-06-17,73300.00,2025-05-31,2025-06-16,17,7558,121,0.00,0,0.00,1.6,0.0,0.0,,,0.0
267,Back to School DE 3,8,Organic Search,retention,2024-07-01,2024-09-16,37900.00,2024-07-15,2024-09-04,52,35370,459,0.00,1,15.97,1.3,0.0,0.22,0.0,,0.0
269,Winter Clearance DE 3,4,Video,traffic,2025-09-21,2026-03-04,2700.00,2025-09-29,2025-12-27,90,1703246,5860,7842.70,70,4988.74,0.34,1.34,1.19,112.04,0.64,290.47
270,New Year DE 3,1,Paid Search,conversions,2024-04-03,2024-11-03,8700.00,2024-04-20,2024-10-31,195,379653,3446,5134.23,25,2025.00,0.91,1.49,0.73,205.37,0.39,59.01
271,Brand Always On DE 3,9,Direct,awareness,2025-06-20,2025-10-01,7000.00,2025-08-06,2025-09-21,47,21034,329,0.00,0,0.00,1.56,0.0,0.0,,,0.0
272,Product Launch DE 3,9,Direct,traffic,2024-04-17,2024-08-02,62900.00,2024-05-19,2024-07-26,69,109193,1504,0.00,9,804.94,1.38,0.0,0.6,0.0,,0.0
274,Win Back DE 3,1,Paid Search,awareness,2025-01-25,,27100.00,2025-02-15,2025-11-03,262,8669509,19366,27023.18,255,18558.52,0.22,1.4,1.32,105.97,0.69,99.72
275,Category Push DE 3,5,Affiliate,conversions,2025-10-04,2025-11-26,4600.00,2025-10-06,2025-10-30,25,15146,196,243.79,0,0.00,1.29,1.24,0.0,,0.0,5.3
277,Spring Launch FR 3,2,Paid Social,conversions,2024-08-03,2024-09-01,117600.00,2024-08-17,2024-08-30,14,1288,47,56.52,0,0.00,3.65,1.2,0.0,,0.0,0.05
278,Summer Sale FR 3,7,Email,conversions,2024-05-01,,26900.00,2025-01-09,2025-11-17,313,1005238,6226,0.00,54,3659.71,0.62,0.0,0.87,0.0,,0.0
279,Back to School FR 3,1,Paid Search,retention,2025-06-12,2025-07-08,6800.00,2025-06-14,2025-07-02,19,2121267,4276,5160.60,27,2985.56,0.2,1.21,0.63,191.13,0.58,75.89
280,Black Friday FR 3,9,Direct,awareness,2024-05-26,2025-01-28,129300.00,2024-06-02,2025-01-28,241,285006,2257,0.00,23,1847.92,0.79,0.0,1.02,0.0,,0.0
281,Winter Clearance FR 3,2,Paid Social,conversions,2024-03-21,2024-04-24,5500.00,2024-04-04,2024-04-20,17,646860,1338,2165.00,29,1772.73,0.21,1.62,2.17,74.66,0.82,39.36
282,New Year FR 3,8,Organic Search,conversions,2025-03-22,2025-08-03,2500.00,2025-05-09,2025-07-28,81,116088,1090,0.00,10,778.56,0.94,0.0,0.92,0.0,,0.0
283,Brand Always On FR 3,2,Paid Social,awareness,2025-08-02,2026-05-28,7700.00,2025-08-17,2025-12-31,137,102104,1257,1823.62,3,685.49,1.23,1.45,0.24,607.87,0.38,23.68
284,Product Launch FR 3,7,Email,traffic,2025-08-15,2025-12-10,34200.00,2025-08-19,2025-11-20,94,286883,2561,0.00,21,1305.81,0.89,0.0,0.82,0.0,,0.0
285,Loyalty Push FR 3,5,Affiliate,conversions,2025-10-23,2026-02-26,5500.00,2025-11-08,2025-12-21,44,14658,310,433.23,1,27.08,2.11,1.4,0.32,433.23,0.06,7.88
286,Win Back FR 3,5,Affiliate,conversions,2025-03-30,2025-05-27,19200.00,2025-04-06,2025-05-11,36,3029,56,46.92,1,28.74,1.85,0.84,1.79,46.92,0.61,0.24
287,Category Push FR 3,1,Paid Search,conversions,2025-05-04,2025-10-08,24600.00,2025-06-09,2025-10-02,116,565512,1773,2992.80,17,704.46,0.31,1.69,0.96,176.05,0.24,12.17
288,Competitor Conquest FR 3,6,Retargeting,awareness,2025-02-09,2025-10-25,30200.00,2025-03-15,2025-09-18,188,420847,2942,4299.82,33,2687.91,0.7,1.46,1.12,130.3,0.63,14.24
290,Summer Sale ES 3,1,Paid Search,conversions,2024-01-03,,15100.00,2024-02-17,2025-01-12,331,1126922,6619,9629.17,78,5929.70,0.59,1.45,1.18,123.45,0.62,63.77
291,Back to School ES 3,9,Direct,retention,2024-10-29,,123000.00,2024-12-07,2025-11-22,351,624394,4904,0.00,41,2849.25,0.79,0.0,0.84,0.0,,0.0
292,Black Friday ES 3,2,Paid Social,conversions,2025-08-25,,26400.00,2025-09-13,2025-12-12,91,58075,754,1030.34,7,523.34,1.3,1.37,0.93,147.19,0.51,3.9
293,Winter Clearance ES 3,1,Paid Search,traffic,2024-01-19,,52000.00,2024-01-31,2024-12-19,324,6375578,15746,21986.48,167,12737.21,0.25,1.4,1.06,131.66,0.58,42.28
294,New Year ES 3,6,Retargeting,awareness,2024-12-03,2025-08-14,36900.00,2025-03-13,2025-07-06,116,39137,724,955.57,2,90.59,1.85,1.32,0.28,477.79,0.09,2.59
295,Brand Always On ES 3,9,Direct,retention,2024-06-28,2025-03-27,13900.00,2024-07-16,2025-01-19,188,591848,5025,0.00,61,4891.32,0.85,0.0,1.21,0.0,,0.0
296,Product Launch ES 3,6,Retargeting,retention,2024-03-08,2024-09-25,10700.00,2024-06-18,2024-09-17,92,14889,379,519.78,0,0.00,2.55,1.37,0.0,,0.0,4.86
297,Loyalty Push ES 3,6,Retargeting,awareness,2024-09-06,2025-04-09,9700.00,2024-09-06,2025-03-31,207,740686,4132,5912.34,39,2259.23,0.56,1.43,0.94,151.6,0.38,60.95
298,Win Back ES 3,3,Display,retention,2024-03-21,2024-05-07,12600.00,2024-04-02,2024-05-06,35,134098,614,725.70,7,809.23,0.46,1.18,1.14,103.67,1.12,5.76
299,Category Push ES 3,2,Paid Social,traffic,2024-10-17,2024-12-19,4800.00,2024-10-18,2024-12-16,60,49839,658,792.92,6,660.28,1.32,1.21,0.91,132.15,0.83,16.52
300,Competitor Conquest ES 3,6,Retargeting,conversions,2025-09-06,2026-06-15,11500.00,2025-09-07,2025-12-22,107,67017,831,1085.13,15,926.52,1.24,1.31,1.81,72.34,0.85,9.44
301,Spring Launch NL 3,5,Affiliate,traffic,2024-04-24,2025-01-25,3200.00,2024-06-02,2024-12-06,188,591289,4123,5685.91,40,3068.43,0.7,1.38,0.97,142.15,0.54,177.68
302,Summer Sale NL 3,1,Paid Search,conversions,2024-01-18,2024-04-04,4100.00,2024-01-21,2024-03-28,68,157832,799,1181.80,8,582.31,0.51,1.48,1.0,147.73,0.49,28.82
303,Back to School NL 3,2,Paid Social,traffic,2024-06-08,2024-11-14,19600.00,2024-08-18,2024-10-29,73,21005,384,529.35,0,0.00,1.83,1.38,0.0,,0.0,2.7
304,Black Friday NL 3,4,Video,awareness,2024-08-14,2025-04-11,3500.00,2024-10-11,2025-01-27,109,41903,801,1170.36,7,366.71,1.91,1.46,0.87,167.19,0.31,33.44
306,New Year NL 3,8,Organic Search,conversions,2024-03-06,2024-11-26,11500.00,2024-05-13,2024-09-20,131,260123,1120,0.00,10,604.62,0.43,0.0,0.89,0.0,,0.0
307,Brand Always On NL 3,7,Email,retention,2025-03-24,,6000.00,2025-04-19,2025-11-13,209,211985,2465,0.00,11,550.19,1.16,0.0,0.45,0.0,,0.0
308,Product Launch NL 3,1,Paid Search,awareness,2024-01-16,2024-05-02,8300.00,2024-01-27,2024-04-28,93,135275,1458,2322.61,9,699.99,1.08,1.59,0.62,258.07,0.3,27.98
309,Loyalty Push NL 3,1,Paid Search,conversions,2025-04-03,2025-09-01,13600.00,2025-04-03,2025-08-02,122,705078,3448,4999.59,41,3026.91,0.49,1.45,1.19,121.94,0.61,36.76
310,Win Back NL 3,9,Direct,conversions,2025-07-08,2025-08-18,14500.00,2025-07-11,2025-08-15,36,43601,449,0.00,3,109.66,1.03,0.0,0.67,0.0,,0.0
311,Category Push NL 3,6,Retargeting,traffic,2025-09-11,2026-07-03,34200.00,2025-09-16,2025-12-18,94,1411063,4198,5720.88,51,3891.71,0.3,1.36,1.21,112.17,0.68,16.73
312,Competitor Conquest NL 3,2,Paid Social,awareness,2024-01-01,2024-03-12,17600.00,2024-01-31,2024-03-09,39,115384,839,1130.48,16,1755.73,0.73,1.35,1.91,70.66,1.55,6.42
313,Spring Launch SE 3,1,Paid Search,conversions,2025-02-14,2025-06-12,33200.00,2025-02-15,2025-05-26,101,761355,3311,4872.66,46,2813.97,0.43,1.47,1.39,105.93,0.58,14.68
314,Summer Sale SE 3,5,Affiliate,traffic,2025-08-02,,13100.00,2025-08-25,2025-11-21,89,128389,938,1300.60,8,636.60,0.73,1.39,0.85,162.57,0.49,9.93
315,Back to School SE 3,1,Paid Search,traffic,2024-10-07,,100.00,2025-03-26,2025-11-19,239,1715897,6145,8441.16,95,7013.59,0.36,1.37,1.55,88.85,0.83,8441.16
316,Black Friday SE 3,2,Paid Social,awareness,2025-08-17,2025-10-11,18400.00,2025-08-20,2025-10-10,52,406686,1902,2754.14,23,1566.05,0.47,1.45,1.21,119.75,0.57,14.97
317,Winter Clearance SE 3,2,Paid Social,awareness,2024-01-17,2024-05-26,39600.00,2024-01-31,2024-05-19,110,459883,2740,4084.05,34,2793.99,0.6,1.49,1.24,120.12,0.68,10.31
318,New Year SE 3,5,Affiliate,awareness,2025-02-26,2025-04-26,20500.00,2025-03-29,2025-04-24,27,10476,180,216.96,0,0.00,1.72,1.21,0.0,,0.0,1.06
319,Brand Always On SE 3,8,Organic Search,conversions,2024-07-07,2024-11-17,12900.00,2024-09-09,2024-11-14,67,255665,1527,0.00,19,1413.29,0.6,0.0,1.24,0.0,,0.0
320,Product Launch SE 3,7,Email,conversions,2024-12-10,2025-03-06,27100.00,2024-12-23,2025-02-23,63,189509,1347,0.00,13,589.14,0.71,0.0,0.97,0.0,,0.0
322,Win Back SE 3,6,Retargeting,conversions,2025-01-28,2025-10-07,18900.00,2025-02-14,2025-08-31,199,464230,3776,5574.97,38,2863.75,0.81,1.48,1.01,146.71,0.51,29.5
324,Competitor Conquest SE 3,8,Organic Search,conversions,2024-03-16,2024-10-02,223700.00,2024-06-10,2024-09-15,98,6380,142,0.00,0,0.00,2.23,0.0,0.0,,,0.0
325,Spring Launch IE 3,2,Paid Social,retention,2024-01-07,2024-07-12,9200.00,2024-01-13,2024-07-04,174,1500067,5669,8631.18,56,4358.57,0.38,1.52,0.99,154.13,0.5,93.82
326,Summer Sale IE 3,7,Email,conversions,2024-04-21,2025-01-07,19800.00,2024-06-22,2024-10-18,119,346915,1982,0.00,20,1513.93,0.57,0.0,1.01,0.0,,0.0
328,Black Friday IE 3,4,Video,awareness,2024-03-24,2024-11-14,3000.00,2024-04-25,2024-08-09,107,43259,662,976.78,2,130.66,1.53,1.48,0.3,488.39,0.13,32.56
329,Winter Clearance IE 3,4,Video,awareness,2024-10-02,,13800.00,2024-10-14,2025-10-11,363,146708,2119,2966.87,9,515.32,1.44,1.4,0.42,329.65,0.17,21.5
330,New Year IE 3,1,Paid Search,conversions,2025-02-26,2025-11-21,102600.00,2025-04-27,2025-08-26,122,90519,1086,1528.48,2,146.45,1.2,1.41,0.18,764.24,0.1,1.49
331,Brand Always On IE 3,2,Paid Social,conversions,2025-09-08,2026-03-04,1800.00,2025-10-06,2025-11-26,52,13838,139,196.55,0,0.00,1.0,1.41,0.0,,0.0,10.92
332,Product Launch IE 3,8,Organic Search,awareness,2024-02-18,2024-04-27,25200.00,2024-02-27,2024-04-15,49,23179,274,0.00,3,166.37,1.18,0.0,1.09,0.0,,0.0
333,Loyalty Push IE 3,7,Email,conversions,2025-09-30,2026-02-17,15800.00,2025-10-12,2025-12-09,59,3429962,7660,0.00,114,8625.93,0.22,0.0,1.49,0.0,,0.0
334,Win Back IE 3,1,Paid Search,conversions,2024-12-13,,5600.00,2025-03-28,2025-09-17,174,139145,1557,2097.45,11,716.69,1.12,1.35,0.71,190.68,0.34,37.45
335,Category Push IE 3,2,Paid Social,traffic,2024-07-25,2024-09-22,9300.00,2024-07-25,2024-08-20,27,73983,440,659.33,6,403.29,0.59,1.5,1.36,109.89,0.61,7.09
336,Competitor Conquest IE 3,8,Organic Search,retention,2025-06-19,,9200.00,2025-07-28,2025-10-24,89,12869,330,0.00,0,0.00,2.56,0.0,0.0,,,0.0
337,Spring Launch CA 3,2,Paid Social,conversions,2025-01-19,,2400.00,2025-03-16,2025-11-03,233,872849,4274,5854.05,65,4261.36,0.49,1.37,1.52,90.06,0.73,243.92
338,Summer Sale CA 3,4,Video,retention,2024-03-13,2024-06-03,25300.00,2024-04-22,2024-05-29,38,20706,272,429.70,1,57.38,1.31,1.58,0.37,429.7,0.13,1.7
339,Back to School CA 3,4,Video,awareness,2025-03-24,,1100.00,2025-07-11,2025-12-17,160,151309,1052,1398.90,14,738.05,0.7,1.33,1.33,99.92,0.53,127.17
340,Black Friday CA 3,3,Display,traffic,2024-02-07,2024-03-24,11000.00,2024-02-12,2024-03-03,21,3922,94,105.95,0,0.00,2.4,1.13,0.0,,0.0,0.96
341,Winter Clearance CA 3,9,Direct,awareness,2024-09-18,2024-12-19,16900.00,2024-10-29,2024-12-09,42,348,19,0.00,0,0.00,5.46,0.0,0.0,,,0.0
342,New Year CA 3,2,Paid Social,retention,2024-06-27,2024-11-02,14300.00,2024-08-04,2024-11-02,91,839596,2790,4267.95,37,2966.65,0.33,1.53,1.33,115.35,0.7,29.85
343,Brand Always On CA 3,6,Retargeting,conversions,2025-05-09,,13000.00,2025-06-29,2025-12-07,162,19034,495,668.87,0,0.00,2.6,1.35,0.0,,0.0,5.15
344,Product Launch CA 3,3,Display,conversions,2025-06-23,2026-02-19,9900.00,2025-06-30,2025-09-24,87,220686,1367,2035.43,20,1283.50,0.62,1.49,1.46,101.77,0.63,20.56
345,Loyalty Push CA 3,5,Affiliate,awareness,2024-04-13,2024-05-05,3300.00,2024-04-14,2024-05-02,19,675797,1372,2515.09,11,1044.15,0.2,1.83,0.8,228.64,0.42,76.21
346,Win Back CA 3,3,Display,retention,2025-03-30,,24700.00,2025-06-06,2025-10-09,126,4798,105,135.35,0,0.00,2.19,1.29,0.0,,0.0,0.55
347,Category Push CA 3,5,Affiliate,traffic,2025-04-18,,24400.00,2025-07-08,2025-11-02,118,517560,3175,4536.97,30,2087.06,0.61,1.43,0.94,151.23,0.46,18.59
348,Competitor Conquest CA 3,1,Paid Search,conversions,2024-07-02,2025-02-03,28500.00,2024-08-08,2024-11-14,99,45794,331,436.61,2,95.49,0.72,1.32,0.6,218.31,0.22,1.53
350,Summer Sale AU 3,2,Paid Social,traffic,2024-11-19,2025-01-18,4500.00,2024-12-18,2025-01-14,28,8508,194,319.94,0,0.00,2.28,1.65,0.0,,0.0,7.11
351,Back to School AU 3,7,Email,retention,2024-09-20,2025-07-13,3900.00,2024-10-27,2025-03-24,149,4207,149,0.00,0,0.00,3.54,0.0,0.0,,,0.0
352,Black Friday AU 3,8,Organic Search,awareness,2024-12-30,2025-03-05,14100.00,2025-01-08,2025-02-14,38,119347,913,0.00,5,196.25,0.76,0.0,0.55,0.0,,0.0
353,Winter Clearance AU 3,4,Video,conversions,2024-03-27,2024-07-03,37900.00,2024-03-29,2024-07-02,90,6921,164,257.21,0,0.00,2.37,1.57,0.0,,0.0,0.68
355,Brand Always On AU 3,4,Video,traffic,2025-08-03,2026-03-31,1100.00,2025-08-07,2025-12-07,123,432920,1955,2778.43,28,2375.57,0.45,1.42,1.43,99.23,0.86,252.58
356,Product Launch AU 3,6,Retargeting,conversions,2024-11-23,2025-05-11,14100.00,2025-02-08,2025-05-03,85,1080590,3431,5105.29,44,3191.94,0.32,1.49,1.28,116.03,0.63,36.21
357,Loyalty Push AU 3,7,Email,traffic,2025-10-01,2025-12-29,2000.00,2025-10-16,2025-11-25,41,29115,170,0.00,2,104.26,0.58,0.0,1.18,0.0,,0.0
358,Win Back AU 3,6,Retargeting,conversions,2024-12-06,,29700.00,2024-12-25,2025-10-23,303,561304,4970,6942.51,38,2584.65,0.89,1.4,0.76,182.7,0.37,23.38
359,Category Push AU 3,6,Retargeting,retention,2024-12-05,2025-05-12,118700.00,2024-12-06,2025-02-15,72,44010,655,1005.35,4,275.09,1.49,1.53,0.61,251.34,0.27,0.85
360,Competitor Conquest AU 3,9,Direct,retention,2024-12-07,2025-01-14,5700.00,2024-12-24,2025-01-10,18,1367,59,0.00,0,0.00,4.32,0.0,0.0,,,0.0
361,Spring Launch UK 4,9,Direct,retention,2025-08-31,2026-05-04,15400.00,2025-09-06,2025-12-16,102,58042,1203,0.00,3,103.82,2.07,0.0,0.25,0.0,,0.0
362,Summer Sale UK 4,7,Email,retention,2024-10-19,2025-01-13,27800.00,2024-10-20,2024-11-28,40,116022,819,0.00,3,157.32,0.71,0.0,0.37,0.0,,0.0
363,Back to School UK 4,3,Display,conversions,2025-08-12,,85300.00,2025-10-22,2025-12-25,65,51240,703,1114.95,5,326.00,1.37,1.59,0.71,222.99,0.29,1.31
364,Black Friday UK 4,5,Affiliate,traffic,2025-07-12,2025-10-21,13600.00,2025-07-17,2025-10-15,91,106676,1218,1823.21,6,372.09,1.14,1.5,0.49,303.87,0.2,13.41
365,Winter Clearance UK 4,7,Email,conversions,2025-03-23,,4600.00,2025-07-29,2025-12-04,129,109906,1312,0.00,9,711.56,1.19,0.0,0.69,0.0,,0.0
366,New Year UK 4,8,Organic Search,traffic,2024-12-07,2025-02-09,4900.00,2024-12-18,2025-01-16,30,757714,1778,0.00,35,3256.34,0.23,0.0,1.97,0.0,,0.0
368,Product Launch UK 4,8,Organic Search,awareness,2024-11-18,2025-09-06,16600.00,2025-02-21,2025-07-03,133,6368,304,0.00,0,0.00,4.77,0.0,0.0,,,0.0
369,Loyalty Push UK 4,9,Direct,conversions,2024-03-25,,3600.00,2025-01-22,2025-11-11,294,486355,3870,0.00,45,3929.29,0.8,0.0,1.16,0.0,,0.0
370,Win Back UK 4,1,Paid Search,conversions,2024-11-15,2025-04-10,8300.00,2024-11-29,2025-02-03,67,32680,498,657.16,1,139.44,1.52,1.32,0.2,657.16,0.21,7.92
371,Category Push UK 4,2,Paid Social,conversions,2024-09-08,,19900.00,2025-04-04,2025-11-07,218,110345,1613,2328.60,5,356.30,1.46,1.44,0.31,465.72,0.15,11.7
372,Competitor Conquest UK 4,7,Email,traffic,2025-03-05,2025-06-10,9000.00,2025-03-07,2025-04-20,45,139699,807,0.00,8,658.68,0.58,0.0,0.99,0.0,,0.0
373,Spring Launch US 4,3,Display,retention,2024-04-20,2024-11-25,4200.00,2024-08-02,2024-11-09,100,49203,733,1009.34,0,0.00,1.49,1.38,0.0,,0.0,24.03
375,Back to School US 4,4,Video,retention,2024-08-02,,5000.00,2024-10-22,2025-09-02,316,104873,968,1293.85,10,540.25,0.92,1.34,1.03,129.39,0.42,25.88
376,Black Friday US 4,8,Organic Search,awareness,2024-08-09,,12500.00,2024-09-13,2025-05-02,232,124914,1850,0.00,5,539.57,1.48,0.0,0.27,0.0,,0.0
377,Winter Clearance US 4,8,Organic Search,traffic,2024-03-03,2024-10-28,2700.00,2024-03-03,2024-10-28,232,138899,1907,0.00,6,555.35,1.37,0.0,0.31,0.0,,0.0
378,New Year US 4,8,Organic Search,traffic,2024-02-10,,6700.00,2024-08-26,2025-07-05,314,39869,503,0.00,7,345.32,1.26,0.0,1.39,0.0,,0.0
379,Brand Always On US 4,6,Retargeting,traffic,2025-07-29,,17400.00,2025-08-08,2025-12-29,144,620621,3442,4678.80,41,3181.48,0.55,1.36,1.19,114.12,0.68,26.89
380,Product Launch US 4,2,Paid Social,retention,2024-03-13,2024-10-22,8000.00,2024-07-02,2024-10-11,102,7131,129,210.59,0,0.00,1.81,1.63,0.0,,0.0,2.63
381,Loyalty Push US 4,9,Direct,traffic,2025-08-07,2025-10-14,37500.00,2025-08-10,2025-10-13,65,819133,2713,0.00,36,2121.63,0.33,0.0,1.33,0.0,,0.0
382,Win Back US 4,9,Direct,awareness,2024-04-28,2025-01-31,36400.00,2024-06-19,2024-12-20,185,703396,4800,0.00,42,3034.79,0.68,0.0,0.88,0.0,,0.0
383,Category Push US 4,3,Display,retention,2025-02-24,2025-10-24,6300.00,2025-06-22,2025-10-09,110,1271702,3614,5099.34,46,3948.52,0.28,1.41,1.27,110.86,0.77,80.94
384,Competitor Conquest US 4,8,Organic Search,conversions,2024-06-25,2024-11-24,25100.00,2024-06-26,2024-09-13,80,109558,1201,0.00,7,376.76,1.1,0.0,0.58,0.0,,0.0
385,Spring Launch DE 4,1,Paid Search,conversions,2024-02-11,2024-07-16,23500.00,2024-03-29,2024-06-24,88,17750,413,675.86,0,0.00,2.33,1.64,0.0,,0.0,2.88
386,Summer Sale DE 4,3,Display,traffic,2025-08-18,2026-05-13,4400.00,2025-09-18,2025-12-21,95,117048,1747,2588.12,11,725.38,1.49,1.48,0.63,235.28,0.28,58.82
387,Back to School DE 4,7,Email,conversions,2025-10-23,,22400.00,2025-10-23,2025-12-18,57,350972,2587,0.00,32,2080.04,0.74,0.0,1.24,0.0,,0.0
388,Black Friday DE 4,9,Direct,retention,2025-05-05,2025-11-21,10900.00,2025-06-07,2025-09-05,91,27940,534,0.00,0,0.00,1.91,0.0,0.0,,,0.0
389,Winter Clearance DE 4,4,Video,awareness,2025-01-01,2025-08-20,2300.00,2025-02-14,2025-05-31,107,480419,3177,4711.85,35,3044.59,0.66,1.48,1.1,134.62,0.65,204.86
390,New Year DE 4,6,Retargeting,retention,2024-03-24,2024-08-24,44800.00,2024-05-20,2024-08-24,97,134231,1904,2768.64,10,857.34,1.42,1.45,0.53,276.86,0.31,6.18
392,Product Launch DE 4,5,Affiliate,conversions,2025-02-14,2025-10-06,7900.00,2025-05-15,2025-08-29,107,212129,1538,2387.80,16,837.18,0.73,1.55,1.04,149.24,0.35,30.23
393,Loyalty Push DE 4,2,Paid Social,awareness,2024-09-18,2024-11-26,33600.00,2024-09-23,2024-10-24,32,4261078,8522,10640.57,111,8642.93,0.2,1.25,1.3,95.86,0.81,31.67
394,Win Back DE 4,8,Organic Search,traffic,2025-10-17,2026-07-02,10500.00,2025-10-17,2025-12-30,75,945204,3155,0.00,37,2794.09,0.33,0.0,1.17,0.0,,0.0
396,Competitor Conquest DE 4,7,Email,traffic,2024-04-19,2025-01-14,132900.00,2024-07-18,2024-11-17,123,19693,200,0.00,1,83.81,1.02,0.0,0.5,0.0,,0.0
397,Spring Launch FR 4,1,Paid Search,traffic,2024-01-16,,46400.00,2024-05-10,2025-03-30,325,69813,1619,2246.19,0,0.00,2.32,1.39,0.0,,0.0,4.84
398,Summer Sale FR 4,4,Video,awareness,2025-10-19,2026-02-27,78400.00,2025-10-22,2025-12-09,49,35995,555,716.68,4,244.25,1.54,1.29,0.72,179.17,0.34,0.91
400,Black Friday FR 4,3,Display,conversions,2025-02-01,2025-03-26,12300.00,2025-02-06,2025-03-02,25,12347,105,170.39,2,225.45,0.85,1.62,1.9,85.2,1.32,1.39
401,Winter Clearance FR 4,8,Organic Search,retention,2024-02-01,2024-07-16,2700.00,2024-02-26,2024-05-11,76,251527,1391,0.00,15,1023.05,0.55,0.0,1.08,0.0,,0.0
402,New Year FR 4,7,Email,retention,2024-12-07,2025-07-20,33500.00,2025-04-09,2025-07-20,103,13923,182,0.00,1,36.50,1.31,0.0,0.55,0.0,,0.0
404,Product Launch FR 4,5,Affiliate,awareness,2024-05-18,2024-08-26,15500.00,2024-06-27,2024-08-22,57,420359,1705,2593.23,19,1743.01,0.41,1.52,1.11,136.49,0.67,16.73
405,Loyalty Push FR 4,1,Paid Search,awareness,2024-04-10,2024-06-10,15000.00,2024-04-13,2024-05-14,32,58026,540,788.74,2,46.34,0.93,1.46,0.37,394.37,0.06,5.26
406,Win Back FR 4,5,Affiliate,retention,2025-03-05,2025-05-30,4500.00,2025-03-12,2025-05-09,59,245419,1070,1348.19,10,640.19,0.44,1.26,0.93,134.82,0.47,29.96
407,Category Push FR 4,3,Display,retention,2024-05-11,2024-08-10,170000.00,2024-06-23,2024-08-03,42,1346,34,46.15,0,0.00,2.53,1.36,0.0,,0.0,0.03
408,Competitor Conquest FR 4,3,Display,traffic,2025-07-28,2025-11-12,24200.00,2025-09-06,2025-10-28,53,411989,1725,2183.69,16,1085.90,0.42,1.27,0.93,136.48,0.5,9.02
409,Spring Launch ES 4,7,Email,retention,2024-03-13,,33100.00,2024-09-30,2025-11-20,417,575857,5720,0.00,46,3902.35,0.99,0.0,0.8,0.0,,0.0
410,Summer Sale ES 4,3,Display,conversions,2025-04-29,2025-07-27,13300.00,2025-05-14,2025-06-23,41,224310,1020,1497.11,10,709.37,0.45,1.47,0.98,149.71,0.47,11.26
412,Black Friday ES 4,6,Retargeting,traffic,2024-06-29,2024-09-15,7900.00,2024-07-06,2024-08-10,36,162448,717,1109.87,12,729.41,0.44,1.55,1.67,92.49,0.66,14.05
413,Winter Clearance ES 4,7,Email,traffic,2025-05-21,2025-12-07,39800.00,2025-07-13,2025-10-11,91,50239,706,0.00,3,146.12,1.41,0.0,0.42,0.0,,0.0
414,New Year ES 4,6,Retargeting,awareness,2025-03-31,2025-08-07,1600.00,2025-05-13,2025-07-10,59,56222,632,838.85,6,444.31,1.12,1.33,0.95,139.81,0.53,52.43
415,Brand Always On ES 4,2,Paid Social,awareness,2025-05-01,,52400.00,2025-06-12,2025-12-07,179,333289,2884,4182.27,24,2078.29,0.87,1.45,0.83,174.26,0.5,7.98
416,Product Launch ES 4,2,Paid Social,conversions,2024-07-11,2024-10-21,12900.00,2024-08-05,2024-10-04,61,81976,817,1058.89,3,244.98,1.0,1.3,0.37,352.96,0.23,8.21
417,Loyalty Push ES 4,9,Direct,conversions,2025-07-17,2025-10-17,29700.00,2025-08-10,2025-09-20,42,66410,558,0.00,6,326.43,0.84,0.0,1.08,0.0,,0.0
418,Win Back ES 4,5,Affiliate,retention,2024-08-03,2024-10-06,10200.00,2024-08-25,2024-09-23,30,1853,25,48.16,0,0.00,1.35,1.93,0.0,,0.0,0.47
419,Category Push ES 4,3,Display,traffic,2025-10-27,2026-03-27,7200.00,2025-11-03,2025-12-22,50,327416,2107,2816.57,22,1582.78,0.64,1.34,1.04,128.03,0.56,39.12
420,Competitor Conquest ES 4,4,Video,conversions,2024-03-02,,3200.00,2024-03-13,2025-01-10,304,121474,2081,3092.13,7,604.49,1.71,1.49,0.34,441.73,0.2,96.63
421,Spring Launch NL 4,6,Retargeting,awareness,2025-06-14,,14700.00,2025-08-24,2025-11-23,92,172339,1702,2373.07,13,1212.46,0.99,1.39,0.76,182.54,0.51,16.14
422,Summer Sale NL 4,9,Direct,conversions,2025-05-04,2025-12-11,43200.00,2025-06-20,2025-09-28,101,20078,215,0.00,3,147.31,1.07,0.0,1.4,0.0,,0.0
423,Back to School NL 4,3,Display,conversions,2025-02-21,2025-11-06,21400.00,2025-05-31,2025-09-25,118,31610,231,379.44,3,194.74,0.73,1.64,1.3,126.48,0.51,1.77
424,Black Friday NL 4,6,Retargeting,conversions,2024-09-29,2025-03-25,18200.00,2024-12-08,2025-03-23,106,533474,2395,3333.50,21,1513.45,0.45,1.39,0.88,158.74,0.45,18.32
426,New Year NL 4,9,Direct,awareness,2025-08-23,2026-01-03,16000.00,2025-09-05,2025-12-31,118,894604,4137,0.00,56,4160.81,0.46,0.0,1.35,0.0,,0.0
428,Product Launch NL 4,7,Email,conversions,2025-07-01,2026-01-25,21400.00,2025-07-08,2025-11-30,146,770065,3902,0.00,42,2977.24,0.51,0.0,1.08,0.0,,0.0
430,Win Back NL 4,2,Paid Social,conversions,2025-06-12,,14800.00,2025-07-24,2025-11-10,110,252178,1931,2768.15,14,931.99,0.77,1.43,0.73,197.73,0.34,18.7
431,Category Push NL 4,9,Direct,awareness,2024-08-02,2025-01-15,160600.00,2024-08-18,2024-11-09,84,23921,436,0.00,0,0.00,1.82,0.0,0.0,,,0.0
432,Competitor Conquest NL 4,7,Email,conversions,2024-02-13,2024-04-24,32200.00,2024-03-10,2024-04-17,39,428462,1712,0.00,19,1102.25,0.4,0.0,1.11,0.0,,0.0
433,Spring Launch SE 4,3,Display,awareness,2025-03-30,2025-08-26,1500.00,2025-04-23,2025-06-29,68,2790,83,130.20,0,0.00,2.97,1.57,0.0,,0.0,8.68
434,Summer Sale SE 4,4,Video,retention,2024-09-14,,7500.00,2025-02-20,2025-12-15,299,326795,4101,5840.99,25,2023.32,1.25,1.42,0.61,233.64,0.35,77.88
435,Back to School SE 4,2,Paid Social,conversions,2025-10-20,,10600.00,2025-11-26,2025-12-28,33,6949,202,303.62,0,0.00,2.91,1.5,0.0,,0.0,2.86
436,Black Friday SE 4,2,Paid Social,conversions,2024-02-07,2024-03-22,38400.00,2024-02-23,2024-03-21,28,80976,400,549.81,4,212.59,0.49,1.37,1.0,137.45,0.39,1.43
438,New Year SE 4,1,Paid Search,conversions,2025-01-20,,60500.00,2025-02-06,2025-12-25,314,107464,1528,2110.38,15,943.66,1.42,1.38,0.98,140.69,0.45,3.49
439,Brand Always On SE 4,2,Paid Social,conversions,2024-01-04,2024-10-28,108000.00,2024-01-26,2024-06-09,136,134062,1288,1871.97,6,375.98,0.96,1.45,0.47,312.0,0.2,1.73
440,Product Launch SE 4,1,Paid Search,conversions,2025-07-01,2026-04-07,11600.00,2025-07-25,2025-11-24,123,54139,471,515.64,9,453.84,0.87,1.09,1.91,57.29,0.88,4.45
441,Loyalty Push SE 4,2,Paid Social,conversions,2024-10-08,2025-07-05,8700.00,2025-03-01,2025-07-01,123,6370,124,174.86,0,0.00,1.95,1.41,0.0,,0.0,2.01
443,Category Push SE 4,9,Direct,retention,2024-02-06,2024-04-23,4700.00,2024-02-15,2024-03-20,35,26784,149,0.00,1,76.26,0.56,0.0,0.67,0.0,,0.0
444,Competitor Conquest SE 4,8,Organic Search,awareness,2024-12-15,,3900.00,2025-07-02,2025-12-22,174,12829,521,0.00,0,0.00,4.06,0.0,0.0,,,0.0
445,Spring Launch IE 4,9,Direct,retention,2025-05-30,,47000.00,2025-06-04,2025-12-26,196,10411,411,0.00,0,0.00,3.95,0.0,0.0,,,0.0
447,Back to School IE 4,3,Display,traffic,2024-06-10,2024-09-15,10700.00,2024-06-23,2024-09-11,81,49413,611,948.64,4,345.40,1.24,1.55,0.65,237.16,0.36,8.87
449,Winter Clearance IE 4,8,Organic Search,conversions,2025-02-16,2025-08-26,1200.00,2025-02-19,2025-06-07,109,8568,181,0.00,1,24.63,2.11,0.0,0.55,0.0,,0.0
450,New Year IE 4,1,Paid Search,conversions,2024-08-25,2025-01-05,30200.00,2024-09-01,2024-11-13,74,16631,191,218.27,2,138.80,1.15,1.14,1.05,109.14,0.64,0.72
451,Brand Always On IE 4,1,Paid Search,traffic,2025-01-13,2025-05-05,12500.00,2025-01-22,2025-04-28,97,424548,2059,3065.84,20,1116.08,0.48,1.49,0.97,153.29,0.36,24.53
452,Product Launch IE 4,4,Video,traffic,2025-10-31,2026-07-10,13300.00,2025-11-05,2025-12-28,54,95037,1044,1347.04,12,695.51,1.1,1.29,1.15,112.25,0.52,10.13
453,Loyalty Push IE 4,1,Paid Search,conversions,2025-01-17,2025-10-24,202500.00,2025-01-24,2025-10-22,272,77467,1797,2651.02,0,0.00,2.32,1.48,0.0,,0.0,1.31
456,Competitor Conquest IE 4,2,Paid Social,conversions,2024-01-21,2024-09-08,21100.00,2024-02-21,2024-08-24,186,500795,3025,4127.61,31,2084.51,0.6,1.36,1.02,133.15,0.51,19.56
457,Spring Launch CA 4,5,Affiliate,conversions,2024-04-30,,11300.00,2024-09-15,2025-08-20,340,656801,6186,8798.93,43,3279.27,0.94,1.42,0.7,204.63,0.37,77.87
458,Summer Sale CA 4,3,Display,traffic,2025-09-02,2026-06-22,75000.00,2025-10-03,2025-12-24,83,423951,2546,3812.42,32,2740.12,0.6,1.5,1.26,119.14,0.72,5.08
461,Winter Clearance CA 4,6,Retargeting,awareness,2025-02-24,2025-05-30,12000.00,2025-03-12,2025-05-27,77,33433,552,694.63,2,91.34,1.65,1.26,0.36,347.32,0.13,5.79
462,New Year CA 4,4,Video,conversions,2024-06-17,,10600.00,2024-10-31,2025-09-17,322,77536,1518,2218.82,0,0.00,1.96,1.46,0.0,,0.0,20.93
463,Brand Always On CA 4,3,Display,awareness,2024-11-03,2025-03-10,49400.00,2024-11-18,2025-01-17,61,795424,2660,3329.70,37,2652.15,0.33,1.25,1.39,89.99,0.8,6.74
464,Product Launch CA 4,3,Display,conversions,2024-06-07,2024-11-08,6800.00,2024-06-19,2024-10-12,116,112860,970,1432.19,6,502.75,0.86,1.48,0.62,238.7,0.35,21.06
466,Win Back CA 4,7,Email,conversions,2025-06-14,2026-02-25,28000.00,2025-07-15,2025-12-13,152,976858,3904,0.00,42,2812.11,0.4,0.0,1.08,0.0,,0.0
467,Category Push CA 4,1,Paid Search,traffic,2024-04-12,2024-07-18,4100.00,2024-04-12,2024-06-18,68,751842,2298,3605.54,23,1332.25,0.31,1.57,1.0,156.76,0.37,87.94
468,Competitor Conquest CA 4,2,Paid Social,traffic,2024-12-23,,6800.00,2025-01-07,2025-10-23,290,369611,3610,5233.46,29,2109.40,0.98,1.45,0.8,180.46,0.4,76.96
469,Spring Launch AU 4,3,Display,conversions,2024-05-24,2024-08-17,19700.00,2024-05-25,2024-07-25,62,62019,689,1039.68,4,253.38,1.11,1.51,0.58,259.92,0.24,5.28
470,Summer Sale AU 4,4,Video,conversions,2024-10-23,2025-02-09,8600.00,2024-11-08,2024-12-27,50,46649,638,1048.79,5,288.71,1.37,1.64,0.78,209.76,0.28,12.2
471,Back to School AU 4,2,Paid Social,traffic,2024-10-31,2025-06-19,37400.00,2025-02-20,2025-06-04,105,70815,338,581.15,2,59.71,0.48,1.72,0.59,290.58,0.1,1.55
472,Black Friday AU 4,3,Display,awareness,2024-11-03,,2000.00,2025-04-23,2025-11-26,218,1030403,5870,8284.78,68,4791.56,0.57,1.41,1.16,121.84,0.58,414.24
473,Winter Clearance AU 4,2,Paid Social,conversions,2024-09-20,2025-01-01,44200.00,2024-11-13,2024-12-29,47,33532,490,722.56,0,0.00,1.46,1.47,0.0,,0.0,1.63
474,New Year AU 4,9,Direct,traffic,2024-11-03,2025-01-20,25600.00,2024-11-06,2025-01-12,68,127775,1381,0.00,15,645.62,1.08,0.0,1.09,0.0,,0.0
475,Brand Always On AU 4,2,Paid Social,traffic,2025-10-07,2026-04-15,258600.00,2025-10-07,2025-12-06,61,627171,2227,3391.85,49,3612.04,0.36,1.52,2.2,69.22,1.06,1.31
476,Product Launch AU 4,2,Paid Social,conversions,2025-09-15,2026-03-20,28600.00,2025-09-28,2025-12-10,74,464913,2091,2921.45,30,2245.70,0.45,1.4,1.43,97.38,0.77,10.21
477,Loyalty Push AU 4,8,Organic Search,retention,2024-10-10,2024-12-21,17500.00,2024-11-05,2024-12-20,46,177661,1351,0.00,18,1208.65,0.76,0.0,1.33,0.0,,0.0
478,Win Back AU 4,6,Retargeting,conversions,2025-07-30,2026-01-30,1500.00,2025-08-07,2025-12-19,135,110740,1306,1896.85,4,352.42,1.18,1.45,0.31,474.21,0.19,126.46
480,Competitor Conquest AU 4,4,Video,traffic,2024-02-02,2024-07-03,8000.00,2024-04-15,2024-06-23,70,199128,1229,1573.10,17,1338.86,0.62,1.28,1.38,92.54,0.85,19.66
481,Spring Launch UK 5,4,Video,conversions,2025-08-14,2026-05-19,22300.00,2025-08-21,2025-10-23,64,371284,2024,3017.38,15,1152.93,0.55,1.49,0.74,201.16,0.38,13.53
482,Summer Sale UK 5,4,Video,awareness,2025-08-08,2025-10-01,36000.00,2025-08-23,2025-09-16,25,17073,209,315.90,1,189.03,1.22,1.51,0.48,315.9,0.6,0.88
483,Back to School UK 5,3,Display,conversions,2024-08-12,2025-03-20,8300.00,2024-11-25,2025-03-04,100,14067,201,284.63,0,0.00,1.43,1.42,0.0,,0.0,3.43
484,Black Friday UK 5,3,Display,conversions,2024-09-03,2025-01-07,3900.00,2024-10-08,2024-12-04,58,110056,1001,1371.92,12,818.28,0.91,1.37,1.2,114.33,0.6,35.18
486,New Year UK 5,9,Direct,conversions,2024-11-01,2025-04-06,8400.00,2025-01-11,2025-03-22,71,7604,102,0.00,0,0.00,1.34,0.0,0.0,,,0.0
487,Brand Always On UK 5,9,Direct,awareness,2025-03-01,,71500.00,2025-03-17,2025-12-15,274,1503597,6289,0.00,60,4251.12,0.42,0.0,0.95,0.0,,0.0
488,Product Launch UK 5,2,Paid Social,awareness,2025-09-06,,36900.00,2025-10-29,2025-12-20,53,441461,1974,2824.30,39,2836.41,0.45,1.43,1.98,72.42,1.0,7.65
491,Category Push UK 5,7,Email,conversions,2024-10-25,,2400.00,2024-11-02,2025-07-23,264,47804,1040,0.00,0,0.00,2.18,0.0,0.0,,,0.0
492,Competitor Conquest UK 5,5,Affiliate,traffic,2025-02-11,2025-10-24,27200.00,2025-06-11,2025-10-04,116,65516,389,651.66,4,216.46,0.59,1.68,1.03,162.92,0.33,2.4
493,Spring Launch US 5,1,Paid Search,conversions,2025-08-13,2025-10-16,31700.00,2025-09-01,2025-10-01,31,13453,155,205.17,2,151.00,1.15,1.32,1.29,102.59,0.74,0.65
495,Back to School US 5,5,Affiliate,traffic,2024-05-26,2024-08-14,21900.00,2024-06-29,2024-08-04,37,515851,1350,2121.55,12,818.85,0.26,1.57,0.89,176.8,0.39,9.69
496,Black Friday US 5,6,Retargeting,conversions,2024-02-22,2024-08-30,16900.00,2024-02-26,2024-06-20,116,128848,1065,1494.92,9,640.90,0.83,1.4,0.85,166.1,0.43,8.85
497,Winter Clearance US 5,6,Retargeting,retention,2025-04-26,2025-08-28,5900.00,2025-06-28,2025-08-23,57,206461,1098,1420.82,10,715.40,0.53,1.29,0.91,142.08,0.5,24.08
498,New Year US 5,9,Direct,conversions,2024-12-20,2025-05-30,3300.00,2025-01-03,2025-05-21,139,1140339,4147,0.00,49,3909.02,0.36,0.0,1.18,0.0,,0.0
502,Win Back US 5,7,Email,conversions,2024-10-09,,41700.00,2025-05-20,2025-12-09,204,13972,241,0.00,1,43.19,1.72,0.0,0.41,0.0,,0.0
503,Category Push US 5,7,Email,conversions,2025-08-26,2026-04-09,1100.00,2025-09-21,2025-11-17,58,60045,640,0.00,7,383.38,1.07,0.0,1.09,0.0,,0.0
505,Spring Launch DE 5,5,Affiliate,conversions,2024-04-24,2024-08-20,24300.00,2024-06-25,2024-08-17,54,5569,170,245.89,0,0.00,3.05,1.45,0.0,,0.0,1.01
506,Summer Sale DE 5,6,Retargeting,awareness,2025-03-08,,2200.00,2025-03-12,2025-10-22,225,195965,1791,2556.27,16,951.03,0.91,1.43,0.89,159.77,0.37,116.19
507,Back to School DE 5,9,Direct,awareness,2025-08-26,,43400.00,2025-09-27,2025-12-23,88,734388,2611,0.00,26,1245.95,0.36,0.0,1.0,0.0,,0.0
509,Winter Clearance DE 5,6,Retargeting,awareness,2025-07-06,2026-02-07,100500.00,2025-07-08,2025-09-26,81,565713,2184,2813.54,19,1057.99,0.39,1.29,0.87,148.08,0.38,2.8
512,Product Launch DE 5,9,Direct,retention,2025-02-24,2025-07-29,19400.00,2025-03-07,2025-07-21,137,39910,622,0.00,2,122.43,1.56,0.0,0.32,0.0,,0.0
514,Win Back DE 5,1,Paid Search,conversions,2024-11-23,2025-03-10,30200.00,2024-11-26,2025-01-13,49,45585,556,902.25,6,408.64,1.22,1.62,1.08,150.38,0.45,2.99
516,Competitor Conquest DE 5,2,Paid Social,retention,2025-08-23,2025-09-17,16200.00,2025-08-31,2025-09-11,12,15057,126,200.52,3,147.82,0.84,1.59,2.38,66.84,0.74,1.24
517,Spring Launch FR 5,7,Email,traffic,2025-09-26,2026-06-08,40000.00,2025-11-17,2025-12-30,44,1164,46,0.00,0,0.00,3.95,0.0,0.0,,,0.0
518,Summer Sale FR 5,4,Video,conversions,2025-05-04,2025-06-06,21500.00,2025-05-12,2025-06-05,25,68808,259,318.32,0,0.00,0.38,1.23,0.0,,0.0,1.48
519,Back to School FR 5,6,Retargeting,traffic,2024-12-30,2025-08-28,32000.00,2025-03-02,2025-07-28,149,139113,1661,2515.64,8,521.36,1.19,1.51,0.48,314.46,0.21,7.86
520,Black Friday FR 5,1,Paid Search,conversions,2024-01-22,2024-09-27,6300.00,2024-01-26,2024-09-13,228,99939,818,1354.15,7,546.15,0.82,1.66,0.86,193.45,0.4,21.49
521,Winter Clearance FR 5,4,Video,awareness,2024-09-16,2025-01-31,28300.00,2024-11-12,2025-01-13,63,2487,151,200.38,0,0.00,6.07,1.33,0.0,,0.0,0.71
522,New Year FR 5,6,Retargeting,retention,2024-05-06,2024-10-19,900.00,2024-06-12,2024-08-26,76,1320903,3398,4865.47,38,4274.83,0.26,1.43,1.12,128.04,0.88,540.61
523,Brand Always On FR 5,3,Display,traffic,2025-04-20,2025-12-11,64900.00,2025-05-26,2025-10-09,137,954982,3247,4722.75,34,2796.39,0.34,1.45,1.05,138.9,0.59,7.28
525,Loyalty Push FR 5,1,Paid Search,retention,2024-11-14,2024-12-29,18000.00,2024-11-22,2024-12-12,21,48211,429,646.41,5,665.49,0.89,1.51,1.17,129.28,1.03,3.59
526,Win Back FR 5,2,Paid Social,traffic,2025-03-15,2025-06-09,9600.00,2025-03-20,2025-05-09,51,11413,159,238.15,1,72.51,1.39,1.5,0.63,238.15,0.3,2.48
527,Category Push FR 5,4,Video,conversions,2024-06-26,,7000.00,2024-11-15,2025-10-10,330,536284,5173,7108.45,45,3424.52,0.96,1.37,0.87,157.97,0.48,101.55
529,Spring Launch ES 5,2,Paid Social,conversions,2024-03-11,,16000.00,2024-04-11,2025-02-04,300,7165118,16514,24896.93,210,15391.56,0.23,1.51,1.27,118.56,0.62,155.61
535,Brand Always On ES 5,1,Paid Search,retention,2025-03-31,2025-05-01,12500.00,2025-04-13,2025-04-27,15,2802,62,64.19,0,0.00,2.21,1.04,0.0,,0.0,0.51
536,Product Launch ES 5,1,Paid Search,awareness,2024-01-30,2024-03-26,14300.00,2024-02-07,2024-03-26,49,9736,132,176.98,2,179.63,1.36,1.34,1.52,88.49,1.01,1.24
537,Loyalty Push ES 5,3,Display,conversions,2025-07-31,2025-09-06,11600.00,2025-08-04,2025-08-24,21,835760,1873,3130.55,22,1267.76,0.22,1.67,1.17,142.3,0.4,26.99
539,Category Push ES 5,5,Affiliate,conversions,2025-02-06,2025-07-19,2400.00,2025-05-02,2025-07-14,74,3478,65,90.58,0,0.00,1.87,1.39,0.0,,0.0,3.77
540,Competitor Conquest ES 5,3,Display,awareness,2024-03-22,2024-09-13,20600.00,2024-05-18,2024-08-05,80,7689,112,148.49,0,0.00,1.46,1.33,0.0,,0.0,0.72
541,Spring Launch NL 5,2,Paid Social,conversions,2024-01-11,2024-09-21,4100.00,2024-05-28,2024-09-20,116,54507,806,1107.85,1,104.26,1.48,1.37,0.12,1107.85,0.09,27.02
542,Summer Sale NL 5,9,Direct,traffic,2025-07-09,,23800.00,2025-07-25,2025-11-19,118,242287,1615,0.00,22,1386.76,0.67,0.0,1.36,0.0,,0.0
543,Back to School NL 5,2,Paid Social,conversions,2024-06-05,2024-07-23,50900.00,2024-06-17,2024-07-08,22,583,20,25.58,0,0.00,3.43,1.28,0.0,,0.0,0.05
544,Black Friday NL 5,4,Video,awareness,2024-05-04,2024-08-30,8100.00,2024-06-05,2024-07-28,54,66338,636,862.21,1,69.00,0.96,1.36,0.16,862.21,0.08,10.64
545,Winter Clearance NL 5,8,Organic Search,conversions,2024-05-21,2025-02-09,21900.00,2024-07-18,2024-11-14,120,150383,1425,0.00,12,794.10,0.95,0.0,0.84,0.0,,0.0
546,New Year NL 5,5,Affiliate,traffic,2024-08-15,,17700.00,2024-11-17,2025-07-03,229,214362,2365,3516.56,19,1162.10,1.1,1.49,0.8,185.08,0.33,19.87
547,Brand Always On NL 5,3,Display,conversions,2025-02-01,,29200.00,2025-07-10,2025-12-08,152,281161,2251,3368.95,27,1754.63,0.8,1.5,1.2,124.78,0.52,11.54
549,Loyalty Push NL 5,3,Display,awareness,2024-11-12,2025-08-29,27700.00,2024-11-13,2025-07-15,245,18583,332,481.16,0,0.00,1.79,1.45,0.0,,0.0,1.74
550,Win Back NL 5,8,Organic Search,conversions,2025-04-06,2025-11-08,15100.00,2025-05-02,2025-08-08,99,176761,1337,0.00,11,891.95,0.76,0.0,0.82,0.0,,0.0
551,Category Push NL 5,4,Video,retention,2024-03-24,2024-08-09,67800.00,2024-05-02,2024-07-24,84,306332,1746,2578.41,27,1727.25,0.57,1.48,1.55,95.5,0.67,3.8
554,Summer Sale SE 5,4,Video,conversions,2025-06-08,,4900.00,2025-07-18,2025-10-19,94,998566,3162,4240.43,39,2472.08,0.32,1.34,1.23,108.73,0.58,86.54
555,Back to School SE 5,7,Email,conversions,2024-06-01,2025-03-12,3300.00,2024-10-21,2025-02-26,129,42535,829,0.00,2,96.55,1.95,0.0,0.24,0.0,,0.0
556,Black Friday SE 5,6,Retargeting,awareness,2024-08-26,2025-04-24,60000.00,2024-10-15,2025-02-01,110,114087,1288,1745.81,8,513.70,1.13,1.36,0.62,218.23,0.29,2.91
558,New Year SE 5,9,Direct,awareness,2024-01-22,,4700.00,2024-08-09,2025-06-27,323,12464,664,0.00,0,0.00,5.33,0.0,0.0,,,0.0
560,Product Launch SE 5,2,Paid Social,traffic,2024-01-10,2024-05-15,11900.00,2024-01-22,2024-03-19,58,40843,483,787.34,1,95.77,1.18,1.63,0.21,787.34,0.12,6.62
561,Loyalty Push SE 5,7,Email,conversions,2025-04-16,2025-12-16,19600.00,2025-06-04,2025-09-22,111,9233,326,0.00,0,0.00,3.53,0.0,0.0,,,0.0
562,Win Back SE 5,1,Paid Search,retention,2025-04-13,2025-10-20,40200.00,2025-05-17,2025-09-18,125,56160,815,1081.41,4,252.94,1.45,1.33,0.49,270.35,0.23,2.69
564,Competitor Conquest SE 5,8,Organic Search,conversions,2024-05-15,2024-11-14,19500.00,2024-05-30,2024-08-21,84,202771,1273,0.00,17,1480.17,0.63,0.0,1.34,0.0,,0.0
565,Spring Launch IE 5,2,Paid Social,retention,2024-12-30,2025-03-26,13800.00,2025-01-11,2025-02-19,40,2061,38,55.44,0,0.00,1.84,1.46,0.0,,0.0,0.4
566,Summer Sale IE 5,3,Display,conversions,2024-09-25,2025-06-22,7900.00,2024-10-06,2025-02-23,141,1650987,6060,8239.20,85,6115.99,0.37,1.36,1.4,96.93,0.74,104.29
567,Back to School IE 5,4,Video,conversions,2024-11-27,,11500.00,2025-01-09,2025-07-09,182,2978149,7719,10391.42,86,6097.74,0.26,1.35,1.11,120.83,0.59,90.36
568,Black Friday IE 5,5,Affiliate,traffic,2025-08-18,2025-09-14,7200.00,2025-08-30,2025-09-14,16,71931,409,536.20,5,337.40,0.57,1.31,1.22,107.24,0.63,7.45
569,Winter Clearance IE 5,5,Affiliate,traffic,2024-02-25,,19100.00,2024-03-27,2025-02-12,323,26775098,56331,81483.10,712,54455.40,0.21,1.45,1.26,114.44,0.67,426.61
571,Brand Always On IE 5,6,Retargeting,conversions,2024-09-03,2025-05-14,7200.00,2024-09-27,2025-02-10,137,1475437,6821,10111.91,91,6676.78,0.46,1.48,1.33,111.12,0.66,140.44
573,Loyalty Push IE 5,7,Email,conversions,2025-10-23,,134400.00,2025-10-24,2025-11-24,32,16193,275,0.00,2,333.45,1.7,0.0,0.73,0.0,,0.0
575,Category Push IE 5,9,Direct,traffic,2024-03-02,2024-05-13,68200.00,2024-03-24,2024-05-07,45,73520,496,0.00,2,157.58,0.67,0.0,0.4,0.0,,0.0
576,Competitor Conquest IE 5,8,Organic Search,conversions,2024-05-31,2024-12-11,9200.00,2024-06-15,2024-09-30,108,48677,1032,0.00,2,174.00,2.12,0.0,0.19,0.0,,0.0
578,Summer Sale CA 5,9,Direct,conversions,2025-07-25,2025-12-30,24000.00,2025-09-02,2025-11-12,72,294713,1579,0.00,18,1382.13,0.54,0.0,1.14,0.0,,0.0
580,Black Friday CA 5,5,Affiliate,traffic,2024-01-29,2024-03-23,52100.00,2024-01-31,2024-02-29,30,24602,282,437.32,2,84.57,1.15,1.55,0.71,218.66,0.19,0.84
582,New Year CA 5,5,Affiliate,traffic,2024-12-08,2025-05-08,27500.00,2025-02-02,2025-04-11,69,1024,41,55.19,0,0.00,4.0,1.35,0.0,,0.0,0.2
583,Brand Always On CA 5,7,Email,retention,2024-07-07,2025-03-04,9600.00,2024-07-29,2025-02-18,205,1671444,6440,0.00,71,6087.42,0.39,0.0,1.1,0.0,,0.0
584,Product Launch CA 5,5,Affiliate,conversions,2025-09-03,2026-04-23,47600.00,2025-11-03,2025-12-27,55,13807,88,126.87,1,128.20,0.64,1.44,1.14,126.87,1.01,0.27
585,Loyalty Push CA 5,3,Display,conversions,2025-03-18,2025-07-03,17500.00,2025-04-15,2025-06-02,49,4475,63,66.59,0,0.00,1.41,1.06,0.0,,0.0,0.38
587,Category Push CA 5,6,Retargeting,traffic,2025-10-13,2026-01-06,14300.00,2025-11-06,2025-12-19,44,72706,877,1191.97,6,482.79,1.21,1.36,0.68,198.66,0.41,8.34
588,Competitor Conquest CA 5,5,Affiliate,awareness,2024-10-19,2025-01-29,15000.00,2024-12-14,2025-01-29,47,144008,967,1299.74,12,825.77,0.67,1.34,1.24,108.31,0.64,8.66
590,Summer Sale AU 5,4,Video,traffic,2024-07-26,2025-04-10,700.00,2024-10-19,2025-02-13,118,351936,2378,3553.82,33,2649.14,0.68,1.49,1.39,107.69,0.75,507.69
591,Back to School AU 5,9,Direct,retention,2025-01-09,2025-03-27,4900.00,2025-01-27,2025-03-16,49,100272,820,0.00,9,509.53,0.82,0.0,1.1,0.0,,0.0
592,Black Friday AU 5,3,Display,conversions,2024-01-05,,95400.00,2024-08-24,2025-10-18,421,4332990,16505,23403.69,202,14360.49,0.38,1.42,1.22,115.86,0.61,24.53
594,New Year AU 5,6,Retargeting,conversions,2025-06-12,2025-08-12,26600.00,2025-06-15,2025-07-16,32,2628,40,37.49,0,0.00,1.52,0.94,0.0,,0.0,0.14
595,Brand Always On AU 5,6,Retargeting,retention,2025-10-17,2026-07-19,31400.00,2025-10-26,2025-11-29,35,76851,669,1086.90,6,303.61,0.87,1.62,0.9,181.15,0.28,3.46
598,Win Back AU 5,2,Paid Social,conversions,2025-05-07,2025-07-16,3100.00,2025-05-25,2025-07-14,51,706580,2002,2714.25,27,2600.95,0.28,1.36,1.35,100.53,0.96,87.56
599,Category Push AU 5,4,Video,conversions,2024-03-14,2024-10-29,13800.00,2024-06-22,2024-10-28,129,540706,2590,3771.67,32,2673.74,0.48,1.46,1.24,117.86,0.71,27.33
600,Competitor Conquest AU 5,6,Retargeting,awareness,2025-05-17,2026-01-24,9000.00,2025-06-11,2025-12-22,195,613934,3427,4841.73,41,3128.76,0.56,1.41,1.2,118.09,0.65,53.8
149,Winter Clearance DE 2,5,Affiliate,conversions,2025-07-31,,27400.00,,,0,0,0,0.00,0,0.00,,,,,,0.0
169,Spring Launch ES 2,9,Direct,traffic,2025-05-16,2025-10-31,31900.00,,,0,0,0,0.00,0,0.00,,,,,,0.0
185,Winter Clearance NL 2,9,Direct,retention,2025-10-03,2026-06-15,7400.00,,,0,0,0,0.00,0,0.00,,,,,,0.0
191,Category Push NL 2,5,Affiliate,retention,2025-02-24,2025-07-18,30600.00,,,0,0,0,0.00,0,0.00,,,,,,0.0
196,Black Friday SE 2,7,Email,awareness,2024-05-09,2025-02-28,22300.00,,,0,0,0,0.00,0,0.00,,,,,,0.0
201,Loyalty Push SE 2,3,Display,conversions,2024-11-15,2025-01-15,14000.00,,,0,0,0,0.00,0,0.00,,,,,,0.0
216,Competitor Conquest IE 2,9,Direct,retention,2025-06-18,,9200.00,,,0,0,0,0.00,0,0.00,,,,,,0.0
226,Win Back CA 2,3,Display,traffic,2024-04-07,2024-11-14,17400.00,,,0,0,0,0.00,0,0.00,,,,,,0.0
227,Category Push CA 2,7,Email,conversions,2024-01-22,,51100.00,,,0,0,0,0.00,0,0.00,,,,,,0.0
231,Back to School AU 2,4,Video,traffic,2024-03-10,2024-06-12,3600.00,,,0,0,0,0.00,0,0.00,,,,,,0.0
232,Black Friday AU 2,7,Email,traffic,2025-02-23,2025-03-17,6800.00,,,0,0,0,0.00,0,0.00,,,,,,0.0
240,Competitor Conquest AU 2,7,Email,conversions,2025-01-02,2025-08-18,40000.00,,,0,0,0,0.00,0,0.00,,,,,,0.0
244,Black Friday UK 3,7,Email,conversions,2025-10-18,,8100.00,,,0,0,0,0.00,0,0.00,,,,,,0.0
250,Win Back UK 3,8,Organic Search,conversions,2024-03-23,2024-05-14,45700.00,,,0,0,0,0.00,0,0.00,,,,,,0.0
262,Win Back US 3,2,Paid Social,traffic,2024-08-02,2025-01-01,35100.00,,,0,0,0,0.00,0,0.00,,,,,,0.0
263,Category Push US 3,3,Display,traffic,2024-09-10,2025-03-27,19600.00,,,0,0,0,0.00,0,0.00,,,,,,0.0
268,Black Friday DE 3,1,Paid Search,conversions,2024-06-17,2024-11-23,2600.00,,,0,0,0,0.00,0,0.00,,,,,,0.0
273,Loyalty Push DE 3,6,Retargeting,awareness,2024-06-16,2024-07-09,95100.00,,,0,0,0,0.00,0,0.00,,,,,,0.0
276,Competitor Conquest DE 3,3,Display,conversions,2024-04-10,2025-01-10,24400.00,,,0,0,0,0.00,0,0.00,,,,,,0.0
289,Spring Launch ES 3,1,Paid Search,awareness,2024-06-26,2024-10-08,26800.00,,,0,0,0,0.00,0,0.00,,,,,,0.0
305,Winter Clearance NL 3,9,Direct,conversions,2024-03-02,2024-11-28,12100.00,,,0,0,0,0.00,0,0.00,,,,,,0.0
321,Loyalty Push SE 3,4,Video,awareness,2025-01-30,2025-05-02,27800.00,,,0,0,0,0.00,0,0.00,,,,,,0.0
323,Category Push SE 3,1,Paid Search,conversions,2024-03-11,2024-06-08,6800.00,,,0,0,0,0.00,0,0.00,,,,,,0.0
327,Back to School IE 3,7,Email,awareness,2024-12-18,,7000.00,,,0,0,0,0.00,0,0.00,,,,,,0.0
349,Spring Launch AU 3,5,Affiliate,traffic,2024-04-06,2024-06-21,4000.00,,,0,0,0,0.00,0,0.00,,,,,,0.0
354,New Year AU 3,7,Email,awareness,2024-06-30,,29500.00,,,0,0,0,0.00,0,0.00,,,,,,0.0
367,Brand Always On UK 4,2,Paid Social,awareness,2025-02-28,2025-04-18,48300.00,,,0,0,0,0.00,0,0.00,,,,,,0.0
374,Summer Sale US 4,8,Organic Search,retention,2025-04-18,2025-11-05,8900.00,,,0,0,0,0.00,0,0.00,,,,,,0.0
391,Brand Always On DE 4,5,Affiliate,traffic,2024-06-08,2024-08-04,91300.00,,,0,0,0,0.00,0,0.00,,,,,,0.0
395,Category Push DE 4,4,Video,conversions,2025-09-11,2026-05-04,2100.00,,,0,0,0,0.00,0,0.00,,,,,,0.0
399,Back to School FR 4,6,Retargeting,awareness,2024-05-16,,83200.00,,,0,0,0,0.00,0,0.00,,,,,,0.0
403,Brand Always On FR 4,1,Paid Search,conversions,2025-09-08,,21400.00,,,0,0,0,0.00,0,0.00,,,,,,0.0
411,Back to School ES 4,7,Email,retention,2025-01-16,2025-09-09,11900.00,,,0,0,0,0.00,0,0.00,,,,,,0.0
425,Winter Clearance NL 4,7,Email,awareness,2025-03-04,,10400.00,,,0,0,0,0.00,0,0.00,,,,,,0.0
427,Brand Always On NL 4,5,Affiliate,traffic,2025-07-19,,35100.00,,,0,0,0,0.00,0,0.00,,,,,,0.0
429,Loyalty Push NL 4,8,Organic Search,conversions,2024-02-11,2024-11-28,3700.00,,,0,0,0,0.00,0,0.00,,,,,,0.0
437,Winter Clearance SE 4,7,Email,traffic,2024-11-20,,3100.00,,,0,0,0,0.00,0,0.00,,,,,,0.0
442,Win Back SE 4,2,Paid Social,traffic,2024-10-18,2025-04-21,2600.00,,,0,0,0,0.00,0,0.00,,,,,,0.0
446,Summer Sale IE 4,4,Video,awareness,2024-04-15,2025-02-02,30100.00,,,0,0,0,0.00,0,0.00,,,,,,0.0
448,Black Friday IE 4,2,Paid Social,traffic,2025-01-18,2025-06-26,102600.00,,,0,0,0,0.00,0,0.00,,,,,,0.0
454,Win Back IE 4,9,Direct,traffic,2024-05-02,2025-01-05,29000.00,,,0,0,0,0.00,0,0.00,,,,,,0.0
455,Category Push IE 4,7,Email,conversions,2025-02-14,2025-11-30,11000.00,,,0,0,0,0.00,0,0.00,,,,,,0.0
459,Back to School CA 4,2,Paid Social,traffic,2025-03-25,,34900.00,,,0,0,0,0.00,0,0.00,,,,,,0.0
460,Black Friday CA 4,5,Affiliate,conversions,2024-11-16,,43000.00,,,0,0,0,0.00,0,0.00,,,,,,0.0
465,Loyalty Push CA 4,1,Paid Search,conversions,2025-08-26,2026-05-15,6700.00,,,0,0,0,0.00,0,0.00,,,,,,0.0
479,Category Push AU 4,5,Affiliate,traffic,2025-05-10,2025-06-28,26100.00,,,0,0,0,0.00,0,0.00,,,,,,0.0
485,Winter Clearance UK 5,8,Organic Search,retention,2025-04-18,2025-09-11,10200.00,,,0,0,0,0.00,0,0.00,,,,,,0.0
489,Loyalty Push UK 5,9,Direct,traffic,2025-09-17,,39200.00,,,0,0,0,0.00,0,0.00,,,,,,0.0
490,Win Back UK 5,6,Retargeting,conversions,2024-06-21,2024-12-17,6300.00,,,0,0,0,0.00,0,0.00,,,,,,0.0
494,Summer Sale US 5,3,Display,conversions,2025-02-20,2025-05-27,7800.00,,,0,0,0,0.00,0,0.00,,,,,,0.0
499,Brand Always On US 5,6,Retargeting,awareness,2024-06-01,2024-11-27,10800.00,,,0,0,0,0.00,0,0.00,,,,,,0.0
500,Product Launch US 5,5,Affiliate,conversions,2025-07-27,2026-01-20,16000.00,,,0,0,0,0.00,0,0.00,,,,,,0.0
501,Loyalty Push US 5,4,Video,conversions,2024-09-21,2024-10-18,5500.00,,,0,0,0,0.00,0,0.00,,,,,,0.0
504,Competitor Conquest US 5,2,Paid Social,conversions,2025-09-16,2026-05-20,15500.00,,,0,0,0,0.00,0,0.00,,,,,,0.0
508,Black Friday DE 5,5,Affiliate,awareness,2025-08-11,2025-11-10,12700.00,,,0,0,0,0.00,0,0.00,,,,,,0.0
510,New Year DE 5,7,Email,retention,2025-07-08,2025-10-12,14500.00,,,0,0,0,0.00,0,0.00,,,,,,0.0
511,Brand Always On DE 5,6,Retargeting,traffic,2025-06-10,2025-08-18,12900.00,,,0,0,0,0.00,0,0.00,,,,,,0.0
513,Loyalty Push DE 5,6,Retargeting,awareness,2024-01-06,2024-05-24,30900.00,,,0,0,0,0.00,0,0.00,,,,,,0.0
515,Category Push DE 5,2,Paid Social,traffic,2025-01-28,2025-10-20,17200.00,,,0,0,0,0.00,0,0.00,,,,,,0.0
524,Product Launch FR 5,4,Video,conversions,2025-03-08,,2900.00,,,0,0,0,0.00,0,0.00,,,,,,0.0
528,Competitor Conquest FR 5,2,Paid Social,awareness,2024-09-28,2024-12-31,18700.00,,,0,0,0,0.00,0,0.00,,,,,,0.0
530,Summer Sale ES 5,9,Direct,traffic,2025-07-11,2025-09-20,7800.00,,,0,0,0,0.00,0,0.00,,,,,,0.0
531,Back to School ES 5,1,Paid Search,traffic,2024-06-28,,21800.00,,,0,0,0,0.00,0,0.00,,,,,,0.0
532,Black Friday ES 5,7,Email,traffic,2025-06-05,2025-07-08,63900.00,,,0,0,0,0.00,0,0.00,,,,,,0.0
533,Winter Clearance ES 5,3,Display,conversions,2024-03-27,2024-10-24,8200.00,,,0,0,0,0.00,0,0.00,,,,,,0.0
534,New Year ES 5,8,Organic Search,conversions,2024-04-13,,3800.00,,,0,0,0,0.00,0,0.00,,,,,,0.0
538,Win Back ES 5,4,Video,awareness,2024-05-11,2025-01-02,11600.00,,,0,0,0,0.00,0,0.00,,,,,,0.0
548,Product Launch NL 5,3,Display,awareness,2024-10-02,2024-10-31,10100.00,,,0,0,0,0.00,0,0.00,,,,,,0.0
552,Competitor Conquest NL 5,3,Display,conversions,2025-07-02,2025-12-07,51700.00,,,0,0,0,0.00,0,0.00,,,,,,0.0
553,Spring Launch SE 5,9,Direct,traffic,2025-02-03,2025-05-20,12000.00,,,0,0,0,0.00,0,0.00,,,,,,0.0
557,Winter Clearance SE 5,6,Retargeting,awareness,2025-04-14,2025-05-21,37500.00,,,0,0,0,0.00,0,0.00,,,,,,0.0
559,Brand Always On SE 5,6,Retargeting,retention,2025-06-28,,12100.00,,,0,0,0,0.00,0,0.00,,,,,,0.0
563,Category Push SE 5,3,Display,conversions,2025-10-20,2026-02-12,12500.00,,,0,0,0,0.00,0,0.00,,,,,,0.0
570,New Year IE 5,4,Video,traffic,2025-05-25,,15600.00,,,0,0,0,0.00,0,0.00,,,,,,0.0
572,Product Launch IE 5,4,Video,retention,2024-11-03,,12800.00,,,0,0,0,0.00,0,0.00,,,,,,0.0
574,Win Back IE 5,4,Video,conversions,2025-05-01,2025-12-23,2100.00,,,0,0,0,0.00,0,0.00,,,,,,0.0
577,Spring Launch CA 5,1,Paid Search,traffic,2025-05-03,2025-10-25,19600.00,,,0,0,0,0.00,0,0.00,,,,,,0.0
579,Back to School CA 5,3,Display,traffic,2024-05-05,2025-02-21,4700.00,,,0,0,0,0.00,0,0.00,,,,,,0.0
581,Winter Clearance CA 5,4,Video,traffic,2025-06-14,2025-11-11,140100.00,,,0,0,0,0.00,0,0.00,,,,,,0.0
586,Win Back CA 5,7,Email,retention,2024-12-05,2025-01-17,9600.00,,,0,0,0,0.00,0,0.00,,,,,,0.0
589,Spring Launch AU 5,9,Direct,traffic,2025-03-17,2026-01-05,56000.00,,,0,0,0,0.00,0,0.00,,,,,,0.0
593,Winter Clearance AU 5,9,Direct,awareness,2025-09-09,2026-03-13,12000.00,,,0,0,0,0.00,0,0.00,,,,,,0.0
596,Product Launch AU 5,7,Email,retention,2025-01-16,2025-11-01,5400.00,,,0,0,0,0.00,0,0.00,,,,,,0.0
597,Loyalty Push AU 5,3,Display,awareness,2025-07-10,,11800.00,,,0,0,0,0.00,0,0.00,,,,,,0.0
