channel_id,channel_name,medium,is_paid,impressions,clicks,spend,conversions,conversion_value,ctr_pct,cpc,conversion_rate_pct,cpa,roas
5,Affiliate,referral,true,91617268,369981,534744.24,3901,287157.98,0.4,1.45,1.05,137.08,0.54
4,Video,cpm,true,116001512,496303,714625.57,5199,378259.08,0.43,1.44,1.05,137.45,0.53
9,Direct,none,false,64956605,292648,0.00,3033,227190.75,0.45,0.0,1.04,0.0,
2,Paid Social,cpc,true,80766614,351989,510973.29,3690,272841.73,0.44,1.45,1.05,138.48,0.53
3,Display,cpm,true,198969054,662411,941503.02,7410,525861.67,0.33,1.42,1.12,127.06,0.56
7,Email,email,false,87006582,365664,0.00,4077,310216.33,0.42,0.0,1.11,0.0,
1,Paid Search,cpc,true,48442994,193190,275961.87,2045,152407.12,0.4,1.43,1.06,134.94,0.55
6,Retargeting,cpc,true,41095071,183827,262791.19,1866,134706.51,0.45,1.43,1.02,140.83,0.51
8,Organic Search,organic,false,66785962,298933,0.00,3171,236099.42,0.45,0.0,1.06,0.0,
