month,impressions,clicks,spend,conversions,conversion_value
2024-01-01,404568.0,2044.0,2160.26,21.0,1165.11
2024-02-01,3255463.0,13622.0,16991.04,187.0,14417.62
2024-03-01,7465073.0,30477.0,38596.53,341.0,23940.03
2024-04-01,10308587.0,47281.0,61797.3,490.0,35063.71
2024-05-01,16103407.0,75740.0,94398.55,736.0,51324.26
2024-06-01,20109580.0,94576.0,110980.36,871.0,64403.49
2024-07-01,21676065.0,102776.0,112908.24,977.0,75740.66
2024-08-01,20757288.0,98538.0,109877.36,994.0,73561.41
2024-09-01,22655272.0,100988.0,119750.2,1063.0,77982.8
2024-10-01,27253998.0,109222.0,126238.93,1196.0,91124.86
2024-11-01,48590072.0,177974.0,201204.06,2141.0,153956.2
2024-12-01,58814430.0,196704.0,219062.26,2349.0,177439.69
2025-01-01,35886485.0,121063.0,122373.85,1316.0,90870.27
2025-02-01,35805288.0,124271.0,127061.87,1320.0,91420.42
2025-03-01,40302596.0,145080.0,153205.81,1696.0,121349.31
2025-04-01,43495632.0,157599.0,163356.31,1613.0,117303.03
2025-05-01,48971091.0,180522.0,171784.9,1838.0,134838.36
2025-06-01,44331599.0,177057.0,153392.83,1769.0,130752.84
2025-07-01,41710007.0,177517.0,153035.4,1813.0,134366.57
2025-08-01,46654999.0,199726.0,188067.6,2048.0,147059.73
2025-09-01,53714558.0,230951.0,220191.22,2372.0,178463.46
2025-10-01,58211722.0,252973.0,234028.67,2614.0,194583.69
2025-11-01,65213289.0,292683.0,249596.35,3377.0,253381.03
2025-12-01,23950593.0,105562.0,90539.28,1250.0,90232.04
